STATE,POSTCODE,FIPS,STEMERG,STEMERGEND,STEMERG2,CLSCHOOL,CLDAYCR,OPNCLDCR,CLNURSHM,STAYHOME,STAYHOMENOGP,END_STHM,CLBSNS,CURFEW,END_BSNS,RELIGEX,FM_ALL,FM_ALL2,FMFINE,FMCITE,FMNOENF,FM_EMP,FMENDVAX,FMVAX,FMHIGH,FM_END,FM_END2,FMNOW,FM_STP,FMLOCAL,ALCOPEN,ALCREST,ALCDELIV,GUNOPEN,CANNABIS,CLREST,ENDREST,RSTOUTDR,CLGYM,ENDGYM,CLMOVIE,END_MOV,CLOSEBAR,END_BRS,END_HAIR,END_RELG,ENDRETL,CURFEWEND,BCLBAR2,CLBAR2,CLMV2,CLHAIR2,CLGYM2,CLRST2,ENDREST2,END_BRS2,END_CLGYM2,END_CLHAIR2,END_CLMV2,CLBAR3,CLRST3,END_CLBAR3,END_CLRST3,QRSOMEST,QR_ALLST,QR_END,VAC_PLAN,VAC_HCW,VAC_HCS,VAC_HHC,VAC_AHC,VAC_LTC,VAC_EMS,VAC_FF,VAC_LAW,VAC_CORR,VAC_INC,VAC_SHELTER,VAC_75,VAC_65,VAC_HR,VAC_K12,VAC_HIGHED,VAC_PT,VAC_FOOD,VAC_GROCERY,VAC_ESSWORK,VAC_ADDWORK,VAC_PUB,80DATE,75DATE,70DATE,65DATE,60DATE,55DATE,50DATE,45DATE,40DATE,30DATE,K12DATE,GROCERYDATE,INCDATE,PUBDATE,AGEPRIORITY,RACEPRIORITY,PROOFWORK,PROOFAGE,PROOFRES,PENALTY,EXPANDADMIN,EMSTART,EMEND,EMSTART2,EMEND2,EMSTART3,EMEND3,EMNOW,INITIATIONBANSTART,INITIATIONBANEND,INITIATIONBANSTART2,INITIATIONBANEND2,HEARINGBANSTART,HEARINGBANEND,HEARINGBANSTART2,HEARINGBANEND2,ENFORCEBANSTART,ENFORCEBANEND,ENFORCEBANSTART2,ENFORCEBANEND2,C19START,C19END,C19START2,C19END2,PAYSTART,PAYEND,PAYSTART2,PAYEND2,CARESSTART,CARESEND,CDCSTART,CDCEND,LATESTART,LATEEND,LATESTART2,LATEEND2,SMSTART,SMEND,SMSTART2,URSTART,UREND,SNAPALLO,SNAPEBT20,SNAPEBT21,SNAPEBTSUMMER,SNAPSUSP,SNAPTLW,MED1135W,ACAENROL,PREVTLHL,TLHLAUD,TLHLMED,CHIPLKOT,LKOTSUS,TEST,CASE,HOSP,DEATH,VACCINE,TESTAIAN,CASEAIAN,HOSPAIAN,DEATHAIAN,VACCINEAIAN,VISITPER,VISITATT,VISITRES,NOVISIT2,VISITRES2,NOCOPAY,NOPAYCOV,NOPAYALL,YESCOPAY,ELECPRCR,ENDELECP,ELECNOSTART,ELECPRCR2,ENDELECP2,WTPRD,WV_WTPRD,REI_WTPRD,WV_WKSR,REI_WKSR,UIQUAR,UIHIRISK,UICLDCR,UIEXTND,UIMAXAMT,UIMAXEXT,UIMAXDURJAN20,UIMAXDURJUL20,UIMAXDUR21,EBSTART,EBEND,EBSTART2,TUR,TURPRIOR,TURPRIOR2,20EBSTART,20EBEND,20EBSTART2,UIEND,UIMINBP,UIQTRNEED,UIOUTHQBP,UIREQBPL2Q,UIBPEARN300,UITAXWA,UIMINTAXR,UIMAXTAXR,UIAVGBFTAUG,OSHA,STATEDEPT,AEROSOL,VENTILATION,SICKLEAVE19,SICKLEAVE20,RETALIATION,LIABILITY,HCLIABILITY,GOVLIABILITY,WORKERSCOMP,WORKERTYPE,WORKREPORTING,WORKMISSED,WORKINJURY,LMABRN,TLHlBUPR,EXTOPFL,HMDLVOP,TLHLCL24,EXCEMORP,WVDEAREQ,MEDEXP,POPDEN18,POP18,SQML,HMLS19,UNEMP18,POV18,RISKCOV,DEATH18,MH19,CASSTATE,AIANRESN,VBMEXC,VBMSIG,VBMPERM,VBMAUTOBAL,VBMAUTOAP,VBMGENELEC,CASCLOSE,CASOPEN,CASCLOSE2,CASOPEN2,CASTRIBCAS,MINWAGEJAN2019,MINWAGEMAR2019,MINWAGEJUL2019,MINWAGEOCT2019,MINWAGEJAN2020,MINWAGEJUL2020,MINWAGESEP2020,MINWAGEOCT2020,TIPMINWAGE2020,MINWAGE2021,SMALLBUSMINWAGE
Alabama,AL,1,2020-03-13,2021-07-06,,2020-03-20,2020-03-20,2020-05-23,2020-03-19,2020-04-04,,2020-04-30,2020-03-28,,2020-04-30,False,2020-07-16,,False,False,True,2020-05-11,2021-04-09,,,2021-04-09,,False,,,True,2020-03-24,2020-03-24,True,True,2020-03-19,2020-05-11,False,2020-03-28,2020-05-11,2020-03-28,2020-05-22,2020-03-19,2020-05-11,2020-05-11,2020-05-11,2020-04-30,,,,,,,,,,,,,,,,,,,,2021-03-22,1A,1A,1A,1A,1A,1A,1B,1B,1B,1B,1B,1B,1C,1C,1B,1B,1B,1B,1B,1B,1C,2,2021-01-18,2021-01-18,2021-02-08,2021-02-08,2021-03-22,2021-03-22,2021-04-05,2021-04-05,2021-04-05,2021-04-05,2021-02-08,2021-02-08,2021-04-12,2021-04-05,False,False,True,True,False,True,False,2020-04-03,2020-06-01,,,,,False,,,,,,,,,2020-04-03,2020-06-01,,,,,,,2020-05-08,2020-06-01,,,,,,,,,,,,,,,,2020-03-24,2020-04-21,,,,False,2020-03-23,,False,2020-03-22,2020-03-16,False,False,False,True,False,True,True,False,False,False,False,True,2020-03-13,2020-03-13,,,,False,False,True,False,2020-03-19,2020-04-30,,,,False,2020-03-16 00:00:00.000000000,True,True,True,True,False,False,False,275.0,875.0,14,14,14,2020-05-31,2020-09-26,,7.0,250.0,175.0,,,,2021-06-19,2340.0,2,780.0,False,300.0,8000.0,0.65,6.8,250.77,True,False,False,False,False,False,False,True,True,True,False,False,False,3.0,True,True,,,,2020-03-20,,,False,93.24,4887871,52420.0,3261,5.6,16.8,43.1,54352,100.7,True,True,False,True,False,False,False,2020-10-29,2020-03-28,2020-05-22,,,False,7.25,7.25,7.25,7.25,7.25,7.25,7.25,7.25,2.13,7.25,False
Alaska,AK,2,2020-03-11,2021-04-30,,2020-03-16,,,,2020-03-28,,2020-04-24,2020-03-24,,2020-04-24,False,2020-04-24,,True,True,False,2020-04-24,2021-05-22,,,2020-05-22,,False,,,True,2020-03-17,2020-03-17,True,True,2020-03-18,2020-04-24,False,2020-03-18,2020-05-08,2020-03-18,2020-05-08,2020-03-18,2020-05-08,2020-04-24,2020-05-08,2020-04-24,,,,,,,,,,,,,,,,,,2020-03-25,2021-02-14,2021-03-03,1A,1A,1A,1A,1A,1A,1C,1C,1B,1B,1B,1B,1B,1C,1B,1C,1C,1C,1C,1C,1C,2,2021-01-11,2021-01-11,2021-01-11,2021-01-11,2021-03-03,2021-03-03,2021-03-09,2021-03-09,2021-03-09,2021-03-09,2021-02-11,2021-03-03,2021-02-11,2021-03-09,True,False,False,False,False,False,False,2020-03-23,2020-07-01,,,,,False,2020-04-10,2020-07-01,,,2020-03-23,2020-04-24,,,,,,,2020-04-10,2020-07-01,,,2020-04-10,2020-07-01,,,,,2020-09-04,,,,,,,,,,,2020-04-01,2020-06-05,,,,True,2020-04-02,,False,2020-03-17,2020-03-20,False,False,False,True,True,True,True,False,True,True,True,True,2020-03-13,2020-03-13,2021-03-17,,,False,True,False,False,2020-03-19,2020-04-20,,,,False,2020-03-18 00:00:00.000000000,True,True,False,True,False,True,False,370.0,970.0,26,26,26,2020-05-03,,,,,,2020-07-05,2020-12-12,,2021-06-12,2500.0,2,250.0,False,13636.36,41500.0,1.0,5.4,443.23,True,True,False,False,False,False,False,False,True,True,True,True,True,,True,True,,,,,,,True,1.11,737438,665384.0,1907,6.8,10.9,32.8,4453,429.9,False,True,False,True,False,False,True,2020-10-24,,,,,False,9.89,9.89,9.89,9.89,10.19,10.19,10.19,10.19,10.19,10.34,False
Arizona,AZ,4,2020-03-11,,,2020-03-16,,,,2020-03-31,,2020-05-16,2020-03-31,,2020-05-08,True,,,False,False,True,2020-05-08,2021-03-25,,,2021-03-25,,False,2020-03-30,2021-03-25,True,2020-03-19,2020-03-19,True,True,2020-03-21,2020-05-11,False,2020-03-21,2020-05-13,2020-03-21,2020-05-16,2020-03-21,2020-05-16,2020-05-08,,2020-05-08,,2020-06-29,2020-06-29,2020-06-29,,2020-06-29,,,2021-03-25,2021-03-05,,2021-03-05,,,,,2020-04-09,,2020-05-12,2021-04-05,1A,1A,1A,1A,1A,1A,1B,1B,1B,1C,1C,1B,1B,1C,1B,1B,1B,1B,1B,1B,2,2,2021-01-08,2021-01-08,2021-01-19,2021-01-19,2021-03-02,2021-03-02,2021-03-24,2021-03-24,2021-03-24,2021-03-24,2021-01-08,2021-03-24,2021-03-24,2021-03-24,True,False,True,True,False,True,False,2020-03-24,2020-10-31,,,,,False,,,,,,,,,2020-03-24,2020-10-31,,,2020-03-24,2020-10-31,,,,,,,2020-07-07,,2020-09-04,,,,,,,,,,,2020-04-01,2020-04-17,2021-02-25,,,True,2020-03-23,,False,2020-03-25,2020-03-25,True,True,False,True,True,True,True,False,True,True,True,True,2020-03-13,2020-03-13,2021-06-19,,,False,True,False,False,2020-03-21,2020-05-01,,,,False,2020-03-20 00:00:00.000000000,True,True,True,True,True,True,False,240.0,840.0,26,26,26,2020-06-14,2020-12-12,,6.9,150.0,147.0,,,,2021-07-10,7020.0,2,2340.0,False,300.0,7000.0,0.05,12.85,237.99,True,True,False,False,True,False,False,True,True,True,False,False,True,,True,False,,,,,2020-03-11,,True,62.91,7171646,113990.0,10007,5.4,14.0,39.1,59282,132.9,True,True,False,False,False,False,False,2020-10-23,,,,,False,11.0,11.0,11.0,11.0,12.0,12.0,12.0,12.0,9.0,12.15,False
Arkansas,AR,5,2020-03-11,2021-05-30,2021-07-29,2020-03-17,,,2020-03-13,,,,2020-04-06,2020-11-19,2020-05-04,False,2020-07-20,,True,True,False,2020-05-11,2021-03-30,,,2021-03-30,,False,2021-03-30,,True,2020-03-19,2020-03-19,True,False,2020-03-20,2020-05-11,False,2020-03-20,2020-05-04,2020-03-20,2020-05-18,2020-03-20,2020-05-19,2020-05-06,,2020-05-18,2021-01-03,,,,,,,,,,,,,,,,2020-05-05,,2020-06-15,2021-01-12,1A,1A,1A,1A,1A,1A,1A,1A,1B,1C,1C,1B,1C,1C,1B,1B,1B,1B,1B,1B,1C,2,2021-01-18,2021-01-18,2021-01-18,2021-02-23,2021-03-30,2021-03-30,2021-03-30,2021-03-30,2021-03-30,2021-03-30,2021-01-18,2021-03-08,2021-03-16,2021-03-30,True,False,False,False,False,False,False,,,,,,,False,,,,,,,,,,,,,,,,,,,,,2020-04-28,2020-07-25,,,,,,,2020-04-10,2021-05-03,,2020-04-10,2021-05-03,2020-03-24,2020-05-21,,,,False,2020-04-02,,False,2020-03-13,2020-03-13,False,False,False,True,False,True,True,False,True,False,True,True,2020-03-16,2020-03-16,2021-06-12,,,False,True,False,False,2020-04-03,2020-04-27,,,,False,2020-03-17 00:00:00.000000000,True,True,True,True,False,False,False,451.0,1051.0,16,16,16,2020-05-31,2020-10-17,,7.5,208.0,208.0,,,,2021-06-26,2835.0,2,1.0,False,31200.0,7000.0,0.1,6.0,223.84,True,False,False,False,False,False,False,True,True,True,True,True,True,,True,True,,,,,,,True,56.67,3013825,53179.0,2717,4.5,17.2,43.5,32336,231.6,True,False,False,False,False,False,False,2020-10-27,2020-03-17,2020-05-18,,,False,9.25,9.25,9.25,9.25,10.0,10.0,10.0,10.0,2.63,11.0,True
California,CA,6,2020-03-04,,,2020-03-23,,,,2020-03-19,,2021-01-25,2020-03-19,2020-11-21,2020-05-08,False,2020-06-18,,False,False,True,2020-05-05,2021-06-15,,,,,True,,,True,2020-03-19,2020-03-19,False,True,2020-03-16,2020-05-18,False,2020-03-19,2021-04-15,2020-03-19,2021-04-15,2020-03-16,2021-06-15,2020-08-28,2020-05-25,2020-05-08,2021-01-25,,,,,,2020-07-13,2021-04-15,,,,,,,,,,,,2021-03-25,1A,1A,1A,1A,1A,1A,1B,1B,1B,1B,1B,1B,1B,1C,1B,1B,1B,1B,1B,1B,2,2,2021-01-13,2021-01-13,2021-01-13,2021-01-13,2021-04-01,2021-04-01,2021-04-01,2021-04-15,2021-04-15,2021-04-15,2021-03-01,2021-03-01,2021-03-15,2021-04-15,True,False,False,False,False,True,True,2020-03-27,,,,,,True,2020-10-05,,,,2020-04-06,2020-10-04,,,2020-03-27,2020-06-01,,,2020-03-27,2020-06-01,2020-10-05,,2020-03-27,2020-06-01,2020-08-31,,,,,,,,,,2020-03-04,,,2020-03-04,,2020-03-30,2020-04-23,,,,True,2020-03-23,2020-03-20,False,2020-03-30,2020-03-18,False,False,True,True,False,True,True,True,True,False,True,True,2020-03-11,2020-04-08,2021-04-10,,,True,False,False,False,2020-03-19,2020-04-22,,,,False,2020-03-12 00:00:00.000000000,False,True,False,True,True,False,False,450.0,1050.0,26,26,26,2020-05-10,,,,,,2020-06-07,,,,1125.0,2,225.0,False,6900.0,7000.0,1.5,6.2,282.35,True,True,True,False,True,True,True,False,False,False,True,True,False,1.0,True,False,,,,,,,True,241.65,39557045,163695.0,151278,5.5,12.8,33.3,268818,356.2,True,True,False,False,False,True,False,,,,,,False,12.0,12.0,12.0,12.0,13.0,13.0,13.0,13.0,13.0,14.0,True
Colorado,CO,8,2020-03-11,2021-07-08,,2020-03-23,,,2020-03-12,2020-03-26,,2020-04-27,2020-03-19,,2020-05-01,True,2020-07-16,,False,True,False,2020-04-23,2021-05-15,,,2021-05-15,,False,,,True,2020-03-20,2020-03-20,True,True,2020-03-17,2020-05-27,False,2020-03-17,2020-06-04,2020-03-17,2020-06-18,2020-03-17,2020-06-18,2020-05-01,2020-06-04,2020-05-01,,2020-06-30,2020-06-30,,,,,,2021-04-26,,,,,,,,,,,2021-03-16,1A,1B,1B,1B,1A,1B,1B,1B,1B,2,2,1B,1B,1B,1B,1B,1B,1B,1B,1B,1B,2,2020-12-30,2020-12-30,2020-12-30,2021-03-05,2021-03-05,2021-03-19,2021-03-19,2021-04-02,2021-04-02,2021-04-02,2021-02-08,2021-03-05,2021-04-02,2021-04-02,False,False,False,False,False,False,True,2020-04-30,2020-06-14,2020-10-21,2021-01-01,,,False,2020-04-30,2020-06-14,2020-10-21,2021-01-01,,,,,2020-04-30,2020-06-14,2020-10-21,2021-01-01,2020-05-29,2020-06-14,2020-10-21,2021-01-01,,,,,,,2020-10-15,2020-12-31,2020-05-01,2020-06-14,2020-10-15,2021-04-27,,,,,,2020-04-01,2020-04-23,,,2020-04-10,True,2020-03-26,2020-03-20,False,2020-04-01,2020-03-20,False,False,False,True,True,True,True,False,True,True,True,True,2020-03-11,,2021-05-26,,,False,True,False,False,2020-03-23,2020-04-27,,,,False,2020-03-20 00:00:00.000000000,True,True,True,False,False,False,False,618.0,1218.0,26,26,26,2020-05-31,2020-11-28,2021-02-28,6.5,250.0,197.0,,,,,2500.0,1,0.0,False,13000.0,13600.0,0.58,7.4,371.47,True,False,False,False,False,True,True,False,False,False,False,False,False,3.0,False,False,,,,,,,True,54.72,5695564,104094.0,9619,3.9,9.6,31.3,38526,356.4,True,True,False,False,True,False,False,,2020-03-17,2020-08-24,,,False,11.1,11.1,11.1,11.1,12.0,12.0,12.0,12.0,8.98,12.32,True
Connecticut,CT,9,2020-03-10,,,2020-03-17,,,2020-03-09,,2020-03-23,2020-05-20,2020-03-23,2020-11-02,2020-05-20,False,2020-04-20,,True,False,False,2020-04-03,2021-05-19,,,,,True,,,True,2020-03-19,2020-04-24,True,True,2020-03-16,2020-05-20,True,2020-03-16,2020-06-17,2020-03-16,2020-06-17,2020-03-16,2021-05-19,2020-06-01,2020-05-29,2020-05-20,2021-05-19,,,,,,,,,,,,,,,,2020-06-25,,2021-03-19,2021-02-03,1A,1A,1A,1A,1A,1A,1A,1A,1B,1B,1B,1B,1B,1B,1B,1B,1B,1B,1B,1B,2,2,2021-01-18,2021-01-18,2021-02-11,2021-02-11,2021-03-01,2021-03-01,2021-03-19,2021-03-19,2021-04-01,2021-04-01,2021-03-01,2021-04-05,2021-04-01,2021-04-02,True,False,False,False,False,False,True,2020-03-16,,,,,,True,2020-04-10,,,,2020-03-16,2020-09-14,,,2020-03-19,2021-01-03,,,,,,,2020-09-03,2021-01-03,,,,,2020-09-14,,2020-04-01,2020-05-31,,,2020-03-12,2020-09-30,,2020-03-18,2020-05-02,2020-03-28,2020-04-24,,,2020-04-02,True,2020-03-27,2020-03-19,False,2020-03-19,2020-03-18,False,False,False,True,False,True,True,False,True,False,True,True,2020-03-13,,2020-10-15,,,False,False,True,False,,,,,,True,,False,True,True,False,False,True,False,649.0,1249.0,26,26,26,2020-04-26,,,,,,2020-08-02,2020-12-12,2021-04-04,,600.0,1,0.0,False,15600.0,15000.0,0.5,5.4,289.09,True,True,False,False,True,False,True,False,False,False,True,True,False,1.0,True,False,,,,,,,True,644.54,3572665,5543.0,3033,5.5,10.4,36.0,31230,396.9,True,True,False,False,False,False,True,2020-11-02,,,,,True,10.1,10.1,10.1,11.0,11.0,11.0,12.0,12.0,6.38,12.0,False
Delaware,DE,10,2020-03-13,2021-07-12,,2020-03-16,2020-04-06,2020-06-15,,2020-03-24,,2020-06-01,2020-03-24,2020-12-14,2020-05-08,True,2020-04-28,,True,True,False,2020-05-01,2021-05-21,,,2021-05-21,,False,,,True,2020-03-18,,True,True,2020-03-16,2020-06-01,False,2020-03-19,2020-06-01,2020-03-19,2020-06-01,2020-03-16,2020-06-15,2020-06-08,2020-05-20,2020-05-20,2021-01-08,2020-07-03,,,,,,,2020-09-04,,,,,,,,,2020-03-30,2020-06-01,2021-04-06,1A,1A,1A,1A,1A,1A,1B,1B,1B,1C,1C,1B,1B,1C,1B,1B,1B,1B,1B,1B,1C,3,2021-01-19,2021-01-19,2021-01-19,2021-01-19,2021-03-17,2021-03-17,2021-03-17,2021-04-06,2021-04-06,2021-04-06,2021-01-19,2021-04-06,2021-04-06,2021-04-06,True,False,False,False,False,False,False,2020-03-17,2020-07-01,,,,,False,2020-03-24,2020-07-01,,,2020-03-17,2020-07-01,,,2020-03-24,2020-07-01,,,,,,,,,,,2020-07-01,,2020-09-11,,2020-03-24,,,,2020-03-24,2020-07-01,,,,2020-03-26,2020-04-30,2021-02-17,,2020-04-13,False,2020-03-27,,True,2020-01-01,2020-03-18,False,False,True,True,False,True,True,False,False,False,False,False,2020-03-12,,2020-09-01,2020-11-11,2021-03-16,False,True,False,False,,,2020-05-20,,,False,1970-01-01 00:00:00.000000001,False,True,False,False,False,True,False,400.0,1000.0,26,26,26,2020-05-24,2021-01-09,,6.4,160.0,178.0,2020-10-11,2020-12-19,,,720.0,1,0.0,False,13800.0,16500.0,0.1,8.0,238.98,True,False,False,False,False,False,False,False,False,False,False,False,True,,True,False,,,,,,,True,388.58,967171,2489.0,921,5.7,12.5,41.3,9433,262.6,True,False,False,False,False,False,True,2020-11-02,2020-03-16,2020-06-01,,,False,8.75,8.75,8.75,9.25,9.25,9.25,9.25,9.25,2.23,9.25,False
District of Columbia,DC,11,2020-03-11,,,2020-03-16,,,,2020-04-01,,2020-05-29,2020-03-25,2020-11-23,2020-05-29,False,2020-07-22,,True,False,False,2020-04-17,2021-05-17,2021-07-31,,,,True,,,True,2020-03-17,2020-03-17,False,True,2020-03-16,2020-05-29,True,2020-03-17,2020-06-22,2020-03-17,2020-06-22,2020-03-16,2020-05-29,2020-05-29,2020-06-22,2020-06-22,2021-05-21,2020-12-23,2020-12-23,,,,2020-12-23,2021-01-22,2021-01-22,,,,,,,,2020-07-27,,2021-05-21,2021-01-11,1A,1A,1A,1A,1A,1A,1A,1B,1B,1B,1B,1B,1B,1C,1B,1C,1B,1B,1B,1B,1C,2,2021-01-11,2021-01-11,2021-01-11,2021-01-11,2021-04-19,2021-04-19,2021-04-19,2021-04-19,2021-04-19,2021-04-19,2021-01-25,2021-02-18,2021-04-19,2021-04-19,True,False,False,False,False,False,False,2020-03-15,,,,,,True,2020-05-13,,,,2020-03-15,2020-05-14,,,2020-05-13,,,,,,,,,,,,,,,,2020-05-13,,,,2020-03-27,2021-01-31,,,,2020-04-01,2020-05-19,2021-03-22,,,True,2020-04-03,2020-04-06,False,2020-03-19,2020-03-12,False,False,False,True,False,True,True,False,True,False,False,False,2020-03-15,2020-03-15,2020-10-03,,,True,False,False,False,,,,,,False,2020-03-17 00:00:00.000000000,True,True,False,True,False,False,False,444.0,1044.0,26,26,26,2020-05-24,,,,,,2020-07-05,2021-01-16,2021-04-04,,1950.0,2,650.0,False,11700.0,9000.0,1.6,7.0,348.75,True,False,False,False,True,True,True,False,True,True,True,True,True,,True,False,,,,,,,True,11496.81,702455,61.1,6521,7.5,16.2,31.8,5008,508.6,False,False,False,False,False,True,False,,,,,,False,13.25,13.25,14.0,14.0,14.0,15.0,15.0,15.0,5.0,15.0,False
Florida,FL,12,2020-03-09,2021-06-26,,2020-03-17,,,2020-03-15,2020-04-03,,2020-05-18,2020-04-03,,2020-05-18,True,,,False,False,True,2020-05-11,2021-05-04,,,2021-05-04,,False,2020-09-25,,True,2020-03-20,2020-03-20,True,True,2020-04-03,2020-05-18,False,2020-04-03,2020-05-18,2020-04-03,2020-06-05,2020-03-17,2020-06-05,2020-05-11,,2020-05-18,,2020-06-26,2020-06-26,,,,,,2020-09-14,,,,,,,,2020-03-24,,2020-08-05,2021-03-26,1A,1A,1A,1A,1A,1A,2,2,2,2,2,1A,1A,2,2,2,2,2,2,2,2,2,2020-12-23,2020-12-23,2020-12-23,2020-12-23,2021-03-22,2021-03-22,2021-03-22,2021-03-29,2021-03-29,2021-04-05,2021-04-05,2021-04-05,2021-04-05,2021-04-05,True,False,False,False,True,False,False,2020-04-02,2020-10-01,,,,,False,2020-04-02,2020-07-28,,,,,,,,,,,2020-07-29,2020-10-01,,,2020-04-02,2020-10-01,,,,,,,,,,,,,,,,2020-03-30,2020-05-27,2021-03-01,,,False,2020-03-16,,False,,2020-03-18,True,False,False,True,True,True,True,False,False,False,False,True,2020-03-11,,2020-10-02,,,False,True,False,False,2020-03-20,2020-05-04,,,,False,2020-03-31 00:00:00.000000000,False,True,False,True,False,False,False,275.0,875.0,12,12,19,2020-06-07,2020-11-07,,8.7,290.0,256.0,,,,2021-06-26,3400.0,2,1133.0,False,300.0,7000.0,0.1,5.4,232.04,True,False,False,False,False,False,False,True,True,True,True,True,True,,False,False,,,,,,,False,323.9,21299325,65758.0,28328,5.2,13.6,42.1,205426,160.5,True,True,False,False,False,False,False,2020-10-24,,,,,False,8.46,8.46,8.46,8.46,8.56,8.56,8.56,8.56,5.54,8.65,False
Georgia,GA,13,2020-03-14,2021-07-01,,2020-03-18,,,2020-04-03,2020-04-03,,2020-05-01,2020-04-03,,2020-05-01,False,,,False,False,True,2020-04-24,2021-05-01,,,2021-05-01,,False,2020-07-15,2021-07-30,True,2020-03-24,,True,False,2020-04-03,2020-04-27,False,2020-04-03,2020-04-24,2020-04-03,2020-04-27,2020-03-24,2020-06-01,2020-04-24,,2020-04-23,,,,,,,,,,,,,,,,,,,,2021-03-04,1A,1A,1A,1A,1A,1A,1A,1A,1A,2,2,1A,1A,2,1B,2,2,2,2,2,2,2,2021-01-04,2021-01-04,2021-01-04,2021-01-04,2021-03-15,2021-03-15,2021-03-25,2021-03-25,2021-03-25,2021-03-25,2021-03-08,2021-03-25,2021-03-25,2021-03-25,True,False,False,False,False,False,False,,,,,,,False,,,,,,,,,,,,,,,,,,,,,2020-05-04,2020-08-25,,,,,,,,,,,,2020-03-24,2020-06-05,,,2020-04-10,True,2020-04-01,,False,2020-03-18,2020-03-18,False,False,False,True,True,True,True,False,True,True,True,True,2020-03-12,2020-03-12,2021-04-03,,,False,True,False,False,,,2020-04-20,,,True,,False,True,False,True,True,True,True,365.0,965.0,14,26,26,2020-05-10,2021-02-06,,5.3,171.0,139.0,2020-07-05,2020-10-10,,2021-06-26,2200.0,2,1.0,False,12000.0,9500.0,0.04,7.56,256.8,True,False,False,False,False,False,False,True,True,True,False,False,True,7.0,True,False,,,,,2020-04-01,,False,177.02,10519475,59425.0,10443,4.8,14.3,36.2,85202,137.3,True,True,False,False,False,False,False,2020-10-30,,,,,False,7.25,7.25,7.25,7.25,7.25,7.25,7.25,7.25,2.13,7.25,True
Hawaii,HI,15,2020-03-04,,,2020-03-16,,,2020-03-17,2020-03-25,2020-05-07,2020-05-31,2020-03-25,,2020-05-07,False,2020-11-16,,True,True,False,2020-06-11,,,,,,True,,,True,2020-04-16,2020-04-16,True,True,2020-03-17,2020-06-05,False,2020-03-25,2020-06-19,2020-03-17,2020-06-19,2020-03-17,2020-06-26,2020-05-29,2020-05-18,2020-05-07,,,,,,,,,,,,,,,,,,2020-03-26,,2021-01-07,1A,1A,1A,1A,1A,1A,1B,1B,1B,2,2,1B,1C,1C,1B,1B,1B,1B,1B,1B,1C,2,2021-01-05,2021-01-05,2021-03-08,2021-03-15,2021-03-26,2021-04-19,2021-04-19,2021-04-19,2021-04-19,2021-04-19,2021-01-11,2021-03-15,2021-04-19,2021-04-19,False,False,False,False,False,False,False,2020-03-17,,,,,,True,2020-04-16,,,,2020-03-17,2020-04-27,,,2020-03-17,,,,,,,,2020-04-16,,,,,,,,,,,,2020-05-04,2021-06-01,,2020-05-04,2021-06-01,2020-04-17,2020-05-28,2021-03-16,2021-05-11,,True,2020-03-26,,False,2020-04-15,2020-03-30,False,False,False,True,True,True,True,False,False,False,False,False,2020-03-13,,,,,False,False,False,True,,,2020-04-26,,,False,2020-03-16 00:00:00.000000000,False,True,True,False,False,False,False,648.0,1248.0,26,26,26,2020-05-17,2021-03-06,,11.3,419.0,419.0,,,,,130.0,2,1.0,False,7800.0,48100.0,0.0,5.6,449.2,True,True,False,False,False,False,False,False,True,True,False,False,True,,True,False,,,,,,,True,129.94,1420491,10932.0,6412,3.8,8.8,39.1,11415,250.5,False,False,False,False,True,False,False,,,,,,False,10.1,10.1,10.1,10.1,10.1,10.1,10.1,10.1,9.35,10.1,False
Idaho,ID,16,2020-03-13,,,2020-03-24,,,,2020-03-25,,2020-05-01,2020-03-25,,2020-05-01,False,,,False,False,True,,,,,,,False,,,True,2020-03-23,2020-03-23,True,True,2020-03-25,2020-05-16,False,2020-03-25,2020-05-16,2020-03-25,2020-05-30,2020-03-25,2020-05-30,2020-05-16,2020-05-01,2020-05-01,,,,,,,,,,,,,,,,,,2020-04-15,2020-05-16,2021-03-24,1A,1A,1A,1A,1A,1A,1B,1B,1B,2,1B,1B,1B,1C,1B,2,1B,1B,1B,1B,2,2,2021-02-01,2021-02-01,2021-02-01,2021-02-01,2021-03-22,2021-03-22,2021-03-24,2021-03-24,2021-04-05,2021-04-05,2021-01-12,2021-03-15,2021-04-05,2021-04-05,True,False,True,True,False,False,False,2020-03-16,2020-05-01,,,,,False,,,,,2020-03-16,2020-05-01,,,,,,,,,,,,,,,2020-05-04,2020-07-26,,,,,,,,,,,,2020-04-02,2020-08-13,2021-03-23,,,True,2020-03-26,,False,2020-04-06,2020-03-17,False,False,False,True,False,True,True,False,True,False,True,True,2020-03-13,,2021-06-12,,,False,False,True,False,,,,,,False,2020-03-27 00:00:00.000000000,True,True,False,True,False,False,False,448.0,1048.0,20,26,22,2020-05-24,2020-08-22,,6.6,228.0,228.0,,,,2021-06-19,2340.0,2,468.0,False,9750.0,41600.0,0.25,5.4,306.11,True,False,False,False,False,False,False,True,False,True,False,False,True,1.0,False,False,,,,,,,True,20.99,1754208,83569.0,2315,4.0,11.8,36.2,14261,208.8,True,True,False,False,False,False,True,2020-10-23,,,,,False,7.25,7.25,7.25,7.25,7.25,7.25,7.25,7.25,3.35,7.25,False
Illinois,IL,17,2020-03-09,,,2020-03-17,2020-03-23,2020-05-29,,2020-03-21,,2020-05-29,2020-03-21,,2020-05-29,False,2020-05-01,,True,True,False,2020-05-01,2021-06-11,,,2021-06-11,,False,,,True,2020-03-16,2020-03-16,True,True,2020-03-16,2020-05-29,True,2020-03-21,2020-05-29,2020-03-21,2020-06-26,2020-03-16,2020-06-26,2020-05-29,2020-05-01,2020-05-29,,2020-11-20,2020-11-20,2020-11-20,,,2020-11-20,2021-02-04,2021-02-04,,,2021-02-04,,,,,,,,2021-03-20,1A,1A,1A,1A,1A,1A,1B,1B,1B,1B,2,1B,1B,1C,1B,2,1B,1B,1B,1B,1C,2,2021-01-25,2021-01-25,2021-01-25,2021-01-25,2021-04-12,2021-04-12,2021-04-12,2021-04-12,2021-04-12,2021-04-12,2021-01-25,2021-01-25,2021-01-25,2021-04-12,False,False,False,False,False,False,True,2020-03-21,,,,,,True,2020-04-23,,,,2021-03-05,,,,2020-03-21,,,,2020-11-13,,,,,,,,2020-03-28,2020-08-25,,,,,,,2020-03-18,2020-07-26,,2020-06-18,2021-01-26,2020-04-01,2020-04-17,2021-01-15,,,True,2020-03-23,,False,2020-03-19,2020-03-19,False,False,True,True,False,True,True,True,True,False,True,True,2020-03-14,,2021-04-12,,,True,False,False,False,,,2020-05-11,,,False,2020-03-16 00:00:00.000000000,False,False,False,True,False,True,False,484.0,1084.0,26,26,26,2020-05-17,,,,,,2020-07-05,2021-01-16,,,1600.0,2,440.0,False,16595.74,12740.0,0.2,6.4,313.12,True,True,False,False,False,False,False,False,True,True,True,True,False,3.0,True,False,,,,,,,True,220.0,12741080,57914.0,10199,5.5,12.1,36.2,110022,228.8,True,False,False,False,False,False,True,2020-10-29,2020-03-16,2020-07-01,2020-11-20,2021-01-23,False,8.25,8.25,8.25,8.25,9.25,10.0,10.0,10.0,6.0,11.0,True
Indiana,IN,18,2020-03-06,,,2020-03-20,,,,2020-03-25,,2020-05-18,2020-03-25,,2020-05-18,False,2020-07-27,,False,False,True,2020-05-01,2021-04-06,,,2021-04-06,,False,,,True,2020-03-23,,True,False,2020-03-16,2020-05-18,False,2020-03-25,2020-06-01,2020-03-25,2020-06-12,2020-03-16,2020-06-12,2020-05-18,2020-05-08,2020-05-18,,,,,,,,,,,,,,,,,,,,2021-03-17,1A,1A,1A,1A,1A,1A,1A,1A,1A,2,2,1B,1B,2,2,2,2,2,2,2,2,2,2021-01-08,2021-01-13,2021-01-13,2021-02-23,2021-02-23,2021-03-09,2021-03-10,2021-03-22,2021-03-29,2021-03-31,2021-03-15,2021-03-31,2021-03-31,2021-03-31,True,False,False,True,True,False,False,2020-03-19,2020-08-15,,,,,False,2020-03-19,2020-08-15,,,2020-03-19,2020-08-15,,,,,,,,,,,,,,,,,,,,,,,2020-03-19,2020-08-15,,,,2020-03-27,2020-05-14,2020-12-30,2021-05-01,2020-04-13,False,2020-03-25,,False,2020-03-30,2020-03-30,True,False,True,True,False,True,True,False,False,False,False,False,2020-03-12,,,,,False,True,False,False,2020-03-16,2020-04-27,,,,False,2020-03-26 00:00:00.000000000,True,True,False,True,False,True,False,390.0,990.0,26,26,26,2020-06-07,2020-11-14,,6.8,213.0,194.0,,,,,4200.0,2,1400.0,True,33191.49,9500.0,0.5,7.4,221.9,True,True,False,False,False,False,False,True,True,True,False,False,False,1.0,True,True,,,,2020-03-28,,,True,183.74,6691878,36420.0,5471,4.4,13.1,39.9,65693,160.0,True,False,True,False,False,False,False,2020-10-22,2020-03-16,2020-06-15,,,False,7.25,7.25,7.25,7.25,7.25,7.25,7.25,7.25,2.13,7.25,True
Iowa,IA,19,2020-03-09,,,2020-04-02,,,,,,,2020-03-26,2020-11-17,2020-05-15,False,2020-11-17,,True,False,False,2020-11-17,2021-02-07,,,2021-02-07,,False,,2021-05-20,True,2020-03-20,2020-03-20,True,False,2020-03-17,2020-05-15,False,2020-03-17,2020-05-15,2020-03-17,2020-05-22,2020-03-17,2020-05-28,2020-05-15,2020-05-01,2020-05-15,2020-12-10,2020-08-27,,,,,,,2020-10-05,,,,,,,,,,,2021-04-05,1A,1A,1A,1A,1A,1A,1B,1B,1B,1B,1B,1B,1B,1C,1B,2,1B,1B,1B,1B,2,2,2021-02-01,2021-02-01,2021-02-01,2021-02-01,2021-04-05,2021-04-05,2021-04-05,2021-04-05,2021-04-05,2021-04-05,2021-02-01,2021-04-05,2021-04-05,2021-04-05,True,False,False,False,False,False,False,2020-03-19,2020-05-28,,,,,False,2020-03-19,2020-05-28,,,,,,,,,,,,,,,,,,,2020-05-23,,2020-10-02,,,,,,2020-03-27,2020-05-28,,,,2020-03-25,2020-06-05,,,,False,2020-03-25,,False,2020-03-26,2020-03-13,False,True,False,True,False,True,True,False,True,False,True,True,2020-03-14,,2021-07-10,,,False,True,False,False,2020-03-27,2020-04-27,,2020-11-17,2021-02-05,True,,False,True,True,True,True,True,False,481.0,1081.0,26,26,26,2020-05-17,2020-10-31,,5.9,211.0,236.0,,,,2021-06-12,2423.0,2,808.0,False,10350.0,31600.0,0.0,7.5,343.48,True,True,False,False,False,False,False,True,True,True,False,False,False,3.0,True,True,,,,,,,True,56.09,3156145,56273.0,2315,3.6,11.2,36.9,30367,155.7,True,True,False,False,False,False,True,2020-10-24,2020-03-16,2020-06-01,,,False,7.25,7.25,7.25,7.25,7.25,7.25,7.25,7.25,4.35,7.25,False
Kansas,KS,20,2020-03-12,2021-06-15,,2020-03-18,,,,2020-03-30,,2020-05-04,2020-03-30,,2020-05-04,True,2020-07-03,,True,False,False,2020-07-10,2021-04-01,,,2021-04-01,,False,,,True,2020-03-18,,True,True,2020-03-30,2020-05-04,False,2020-03-30,2020-05-18,2020-03-30,2020-05-22,2020-03-30,2020-06-08,2020-05-18,2020-05-04,2020-05-04,,,,,,,,,,,,,,,,,2020-03-23,,,2021-03-29,1,1,1,1,1,1,2,2,2,2,2,2,2,3,2,5,2,2,2,2,3,5,2021-01-21,2021-01-21,2021-01-21,2021-01-21,2021-03-29,2021-03-29,2021-03-29,2021-03-29,2021-03-29,2021-03-29,2021-01-21,2021-01-21,2021-01-21,2021-03-29,False,False,False,False,False,False,False,2020-03-17,2020-06-01,2020-08-19,2021-05-28,,,False,,,,,2020-03-17,2020-04-03,,,2020-03-23,2020-06-01,2020-08-19,2021-05-28,2020-03-23,2020-06-01,2020-08-19,2021-05-28,,,,,,,,,,,,,2020-03-16,2020-06-01,,,,2020-04-01,2020-04-25,,,,False,2020-03-24,,False,2020-06-22,2020-04-01,True,True,True,True,True,True,True,True,True,True,True,True,2020-03-13,,2021-04-18,,,False,True,False,False,,,,,,False,2020-03-31 00:00:00.000000000,False,True,False,False,False,False,True,488.0,1088.0,16,26,26,2020-06-07,2020-12-12,,6.0,194.0,188.0,2020-07-05,2020-10-10,,,3660.0,2,1.0,False,9000.0,14000.0,0.0,7.1,341.68,True,False,False,False,False,False,False,True,True,True,False,False,False,1.0,True,False,,,,,,,False,35.39,2911505,82278.0,2381,3.8,12.0,38.0,27537,196.7,True,True,False,False,False,False,False,2020-10-27,2020-05-04,2020-05-22,,,True,7.25,7.25,7.25,7.25,7.25,7.25,7.25,7.25,2.13,7.25,False
Kentucky,KY,21,2020-03-06,,,2020-03-17,2020-03-23,2020-06-08,,,2020-03-26,2020-06-29,2020-03-26,2020-08-11,2020-05-11,False,2020-07-10,,True,False,False,2020-05-11,2021-05-13,,,2021-06-11,,False,,,True,2020-03-16,2020-03-19,True,False,2020-03-16,2020-05-22,False,2020-03-18,2020-06-01,2020-03-18,2020-06-01,2020-03-16,2020-06-29,2020-05-25,2020-05-09,2020-05-20,2021-05-28,2020-07-28,2020-07-28,,,,2020-11-20,2020-12-13,2020-08-11,,,,2020-11-20,,2020-12-13,,,2020-04-02,2020-05-06,2021-02-08,1A,1A,1A,1A,1A,1A,1B,1B,1B,3,3,1B,1C,1C,1B,3,1C,1C,1C,1C,1C,3,2021-02-01,2021-02-01,2021-02-01,2021-03-01,2021-03-01,2021-04-05,2021-04-05,2021-04-05,2021-04-05,2021-04-05,2021-02-01,2021-03-01,2021-04-05,2021-04-05,False,False,False,False,False,False,False,2020-03-16,2020-08-25,,,,,False,2020-04-01,2020-08-01,,,2020-03-16,2020-08-01,,,2020-03-25,2020-08-25,,,,,,,2020-05-08,2020-08-25,,,2020-03-27,2021-04-01,2020-09-04,,2020-03-06,2020-09-04,,,2020-05-08,2020-11-06,,,,2020-03-28,2020-05-19,2021-02-24,,,True,2020-03-25,,False,2020-03-18,2020-03-18,False,False,False,True,False,True,True,False,True,False,True,True,2020-03-11,,2021-06-20,,,False,True,False,False,2020-03-18,2020-05-06,,,,False,2020-03-16 00:00:00.000000000,True,True,True,True,False,False,False,552.0,1152.0,26,26,26,2020-05-17,2020-11-28,,6.8,158.0,158.0,2020-06-07,2020-09-12,,,3271.0,2,1090.0,True,25161.45,10800.0,0.3,9.0,319.88,True,True,False,False,False,False,False,True,True,True,True,True,False,1.0,True,True,,,,,,,True,110.58,4468402,40408.0,4079,5.2,16.9,43.6,48707,227.5,False,False,False,False,False,False,False,2020-10-27,,,,,False,7.25,7.25,7.25,7.25,7.25,7.25,7.25,7.25,2.13,7.25,False
Louisiana,LA,22,2020-03-11,,,2020-03-16,,,2020-03-12,2020-03-23,,2020-05-15,2020-03-23,,2020-05-01,False,2020-08-07,2021-08-04,True,True,False,2020-05-01,2021-04-28,,,2021-04-28,,False,,,True,2020-03-16,2020-03-16,True,True,2020-03-17,2020-05-01,True,2020-03-17,2020-05-15,2020-03-17,2020-05-15,2020-03-17,2020-06-05,2020-05-15,2020-05-15,2020-05-15,,2020-07-13,2020-07-13,,,,,,2021-03-03,,,,,,,,,,,2021-03-03,1A,1A,1B,1B,1A,1A,1A,1A,1B,2,2,1B,1B,2,1B,1B,1B,1B,1B,1B,2,2,2021-01-04,2021-01-04,2021-01-04,2021-02-08,2021-03-29,2021-03-29,2021-03-29,2021-03-29,2021-03-29,2021-03-29,2021-02-22,2021-03-22,2021-03-29,2021-03-29,True,False,False,False,False,True,True,2020-03-17,2020-06-16,,,,,False,,,,,2020-03-17,2020-06-16,,,,,,,,,,,,,,,,,,,,,,,2020-03-13,2020-07-16,,,,2020-03-27,2020-05-14,,,2020-04-13,True,2020-03-23,,False,2020-03-23,2020-03-13,True,True,False,True,False,True,True,False,True,False,True,True,2020-03-12,2020-03-12,2021-03-13,,,False,False,True,False,2020-03-19,2020-04-27,,,,False,2020-03-13 00:00:00.000000000,False,True,True,True,False,True,False,247.0,847.0,26,26,26,2020-05-10,2021-01-23,,8.6,169.0,179.0,,,,,1200.0,2,400.0,False,300.0,7700.0,0.09,6.0,180.86,True,False,False,False,False,False,False,True,False,True,False,False,False,7.0,True,True,,,,,,,True,88.97,4659978,52378.0,2941,6.4,18.6,42.1,46048,264.6,True,True,True,True,False,False,False,2020-10-30,2020-03-17,2020-05-18,,,False,7.25,7.25,7.25,7.25,7.25,7.25,7.25,7.25,2.13,7.25,False
Maine,ME,23,2020-03-15,2021-06-30,,2020-04-02,,,,2020-04-02,,2020-05-31,2020-03-25,2020-11-20,2020-05-01,False,2020-05-01,,True,True,False,2020-05-01,2021-05-24,,,2021-05-24,,False,,,True,2020-03-18,2020-03-18,True,True,2020-03-18,2020-06-01,True,2020-03-25,2020-06-17,2020-03-25,2020-07-01,2020-03-18,2021-03-26,2020-06-17,2020-05-29,2020-06-01,2021-02-01,,,,,,,,,,,,,,,,2020-06-12,2020-04-03,2021-05-01,2021-02-26,1A,1A,1A,1A,1A,1A,1A,1A,1A,2,2,1B,1B,1B,1B,1B,1B,1B,1B,1B,1C,2,2021-01-18,2021-01-18,2021-01-18,2021-03-03,2021-03-03,2021-04-01,2021-04-01,2021-04-07,2021-04-07,2021-04-07,2021-03-03,2021-04-07,2021-04-07,2021-04-07,True,False,True,True,True,False,False,2020-03-18,2020-08-03,,,,,False,,,,,2020-03-18,2020-08-03,,,2020-04-16,2020-08-03,,,,,,,2020-04-16,2020-08-03,,,,,,,,,,,2020-03-16,2020-11-01,,,,2020-03-28,2020-05-05,,,,True,2020-04-07,,False,2020-03-20,2020-03-20,True,True,False,True,True,True,True,False,True,True,True,True,2020-03-14,,2020-07-13,2020-11-01,2021-03-18,False,True,False,False,,,,,,False,2020-03-15 00:00:00.000000000,True,True,True,True,False,False,False,445.0,1045.0,26,26,26,2020-05-10,2020-11-14,,7.7,266.0,233.0,,,,,5336.0,2,1779.0,False,13200.0,12000.0,0.06,5.46,294.53,True,True,False,False,False,True,False,False,False,False,False,False,False,1.0,True,False,,2020-03-24,,,,,True,37.83,1338404,35380.0,2106,3.5,11.6,42.5,14715,474.6,True,True,False,False,False,False,False,2020-10-29,,,,,False,11.0,11.0,11.0,11.0,12.0,12.0,12.0,12.0,6.0,12.15,False
Maryland,MD,24,2020-03-05,2021-07-01,,2020-03-16,2020-03-30,2020-06-19,2020-04-05,2020-03-30,,2020-05-15,2020-03-23,2020-11-20,2020-05-15,False,2020-04-18,,True,True,False,2020-04-18,2021-05-15,,,2021-05-15,,False,,,True,2020-03-19,,True,True,2020-03-16,2020-05-29,True,2020-03-16,2020-06-19,2020-03-16,2020-09-01,2020-03-16,2020-06-12,2020-05-15,2020-05-15,2020-05-15,2021-02-01,,,,,,,,,,,,,,,,2020-12-17,,2021-03-12,2021-03-18,1A,1A,1A,1A,1A,1A,1A,1A,1A,2,1B,1B,1C,2,1B,3,1C,1C,1C,1C,2,3,2021-01-18,2021-01-18,2021-01-25,2021-01-25,2021-03-23,2021-04-06,2021-04-06,2021-04-06,2021-04-06,2021-04-06,2021-01-18,2021-01-25,2021-04-06,2021-04-06,False,False,False,False,False,True,True,2020-03-16,,,,,,True,,,,,2020-03-18,2020-07-25,2020-11-16,2021-03-14,,,,,2020-03-16,,,,2020-11-16,2021-03-13,,,2020-03-27,2020-08-25,2020-09-04,,,,,,2020-03-16,2020-11-16,,,,2020-04-01,2020-04-28,,,2020-04-13,True,2020-03-26,2020-04-01,False,2020-04-01,2020-03-12,False,False,False,True,False,True,True,False,False,False,False,True,2020-03-12,,,,,False,False,True,False,2020-03-24,2020-05-07,,,,True,,False,True,False,True,True,True,False,430.0,1030.0,26,26,26,2020-05-31,2020-12-12,,7.5,214.0,197.0,,,,,1800.0,2,600.0,False,10800.0,8500.0,0.3,7.5,305.52,True,True,False,False,True,False,True,False,False,False,False,False,False,3.0,True,False,,,,,,,True,487.08,6042718,12406.0,6561,4.9,9.0,37.1,50568,257.4,True,False,False,False,False,False,True,2020-10-20,2020-03-16,2020-06-19,,,False,10.1,10.1,10.1,10.1,11.0,11.0,11.0,11.0,3.63,11.75,False
Massachusetts,MA,25,2020-03-10,2021-06-15,,2020-03-17,2020-03-23,2020-06-08,2020-03-16,2020-03-24,,2020-05-18,2020-03-24,2020-11-06,2020-05-18,False,2020-05-06,,True,False,False,2020-05-06,2021-05-29,,,2021-05-29,,False,,,True,2020-04-03,2020-04-03,False,True,2020-03-17,2020-06-08,True,2020-03-24,2020-07-13,2020-03-24,2020-07-13,2020-03-17,2021-05-29,2020-05-25,2020-05-18,2020-06-08,2021-01-25,,,,,,,,,,,,,,,,2020-07-01,2020-03-27,2021-03-22,2021-04-19,1,1,1,1,1,1,1,1,1,1,1,2,2,2,2,3,2,2,2,2,2,3,2021-02-01,2021-02-01,2021-03-22,2021-03-22,2021-03-22,2021-04-05,2021-04-19,2021-04-19,2021-04-19,2021-04-19,2021-03-11,2021-03-22,2021-01-18,2021-04-19,False,False,True,True,False,False,True,2020-03-13,2020-10-18,2020-12-31,,,,True,2020-04-20,2020-10-18,,,2020-03-13,2020-10-18,2020-12-31,,2020-04-20,2020-10-18,,,,,,,2020-12-31,,,,,,2020-09-04,,2020-04-20,2020-10-18,,,2020-03-24,,,,,2020-03-25,2020-04-17,2020-12-15,2021-05-25,2020-04-10,True,2020-03-26,2020-03-11,False,2020-03-16,2020-03-12,True,False,False,True,True,True,True,False,True,True,True,True,2020-03-12,,2020-07-08,2020-11-14,2021-06-01,False,False,True,False,2020-03-18,2020-05-18,,,,False,2020-03-18 00:00:00.000000000,False,True,False,True,False,False,False,823.0,1423.0,26,26,26,2020-05-03,,,,,,2020-07-05,2021-01-16,2021-04-04,,5100.0,1,0.0,False,31200.0,15000.0,0.94,14.37,396.96,True,False,False,False,True,False,True,False,True,True,False,False,False,5.0,True,False,,,,,2020-04-06,,True,653.98,6902149,10554.0,18471,4.8,10.0,34.6,59152,626.6,True,True,False,False,False,False,True,2020-10-28,2020-03-14,2020-07-06,,,False,12.0,12.0,12.0,12.0,12.75,12.75,12.75,12.75,4.95,13.5,False
Michigan,MI,26,2020-03-10,2020-10-02,,2020-03-16,2020-03-24,2020-06-08,2020-03-14,2020-03-24,,2020-06-01,2020-03-24,2021-02-01,2020-05-26,True,2020-04-27,2020-10-05,True,True,False,2020-04-27,2021-05-15,,,2020-10-02,2021-06-22,False,,,True,,,False,True,2020-03-16,2020-06-08,False,2020-03-16,2020-09-09,2020-03-16,2020-10-09,2020-03-16,2020-06-08,2020-06-15,,2020-06-04,2021-06-01,2020-07-01,2020-07-31,2020-11-18,,,2020-11-18,2021-02-01,2020-10-09,,,2020-12-21,2020-11-18,,2021-02-02,,,,,2021-04-05,1A,1A,1A,1A,1A,1A,1B,1B,1B,2,2,1B,1C,1C,1B,2,1B,1B,1B,1B,1C,2,2021-01-11,2021-01-11,2021-01-11,2021-01-11,2021-03-22,2021-03-22,2021-03-22,2021-04-05,2021-04-05,2021-04-05,2021-01-11,2021-04-05,2021-04-05,2021-04-05,True,False,False,False,False,False,False,2020-03-20,2020-07-16,,,,,False,2020-03-20,2020-07-16,,,,,,,2020-03-20,2020-07-16,,,,,,,,,,,2020-03-27,2020-07-26,2020-10-22,,,,,,,,,2020-03-28,2020-10-02,2020-03-24,2020-04-09,2021-02-04,2021-05-21,2020-04-09,True,2020-04-06,,True,2020-01-01,2020-03-12,False,False,False,True,False,True,True,False,True,False,True,True,2020-03-13,,2021-03-26,,,False,True,False,False,2020-03-21,2020-05-29,,,,True,,False,True,False,True,True,True,True,362.0,962.0,20,26,26,2020-04-26,2021-04-17,,6.2,172.0,159.0,2020-11-08,2021-02-13,,,5501.0,2,1834.0,False,10975.61,9000.0,0.0,6.3,297.61,True,True,False,True,True,True,True,True,True,True,True,True,False,7.0,True,False,,,,,,,True,103.36,9995915,96714.0,8575,5.3,14.1,41.2,98903,265.4,True,True,False,False,False,False,True,2020-10-30,2020-03-16,2020-08-05,2020-11-18,2020-12-21,False,9.25,9.45,9.45,9.45,9.65,9.65,9.65,9.65,3.67,9.65,True
Minnesota,MN,27,2020-03-13,2021-07-01,,2020-03-18,,,,2020-03-28,,2020-05-18,2020-03-28,2020-11-13,2020-04-27,False,2020-07-25,,True,True,False,2020-07-25,2021-05-14,,,2021-05-14,,False,,,True,2020-04-18,,True,True,2020-03-17,2020-06-01,True,2020-03-17,2020-06-10,2020-03-17,2020-06-10,2020-03-17,2020-06-10,2020-06-01,2020-05-18,2020-05-18,2021-05-07,2020-11-21,2020-11-21,2020-11-21,,2020-11-21,2020-11-21,2021-01-11,2021-01-11,2020-12-18,,2021-01-11,,,,,,,,2021-03-10,1A,1A,1A,1A,1A,1A,1B,1B,1B,2,1A,1B,1B,1B,1B,1B,1B,1B,1B,1B,1C,2,2021-01-19,2021-01-19,2021-01-19,2021-01-19,2021-03-30,2021-03-30,2021-03-30,2021-03-30,2021-03-30,2021-03-30,2021-01-19,2021-03-10,2021-03-10,2021-03-30,True,False,False,False,False,False,True,2020-03-16,,,,,,True,2020-03-24,,,,2020-03-16,2020-03-23,,,2020-03-24,,,,,,,,,,,,,,,,,,,,2020-06-18,,,,,2020-04-13,2020-05-27,2021-02-08,,2020-04-13,True,2020-03-27,2020-03-20,False,2020-04-16,2020-03-28,False,False,False,True,True,True,True,False,True,True,True,True,2020-03-11,,2020-07-22,2020-11-30,2021-01-06,False,False,True,False,2020-03-23,2020-05-10,,,,False,2020-04-06 00:00:00.000000000,True,False,False,True,False,True,False,740.0,1340.0,26,26,26,2020-05-03,2020-12-19,,5.0,152.0,172.0,2020-08-02,2020-10-31,,,2962.0,1,0.0,False,7800.0,35000.0,0.1,9.0,372.82,True,True,False,True,False,False,True,False,False,False,True,True,False,3.0,True,False,,,,,,,True,64.54,5611179,86936.0,7977,3.4,9.6,33.9,44745,250.7,True,True,False,False,False,False,False,2020-11-02,,,,,False,9.86,9.86,9.86,9.86,10.0,10.0,10.0,10.0,8.15,10.08,True
Mississippi,MS,28,2020-03-14,,,2020-03-20,,,2020-03-24,2020-04-03,,2020-04-27,2020-04-03,2020-05-07,2020-04-27,False,2020-08-05,,False,False,True,2020-05-07,2020-09-30,,,2020-09-30,,False,,,True,2020-03-19,,True,False,2020-04-03,2020-05-07,False,2020-04-03,2020-05-11,2020-04-03,2020-06-01,2020-04-03,2020-06-01,2020-05-11,,2020-04-27,2020-06-15,,,,,,,,,,,,,,,,,,,2021-03-03,1A,1A,1A,1A,1A,1A,1B,1B,2,2,2,1B,1B,1B,1B,2,2,2,2,2,2,2,2021-01-06,2021-01-06,2021-01-06,2021-01-06,2021-03-04,2021-03-04,2021-03-04,2021-03-16,2021-03-16,2021-03-16,2021-03-01,2021-03-16,2021-03-16,2021-03-16,True,False,False,False,False,False,False,2020-04-03,2020-06-01,,,,,False,,,,,,,,,2020-04-03,2020-06-01,,,,,,,,,,,,,,,,,,,2020-03-15,2020-05-27,,,,2020-03-27,2020-06-01,,,2020-04-10,False,2020-03-23,,False,2020-03-16,2020-04-10,False,False,False,True,False,True,True,False,True,False,True,True,2020-03-12,,2021-05-10,,,False,True,False,False,2020-03-19,2020-04-27,,2020-12-15,2021-01-22,False,2020-03-21 00:00:00.000000000,True,True,True,True,False,False,False,235.0,835.0,26,26,26,2020-05-17,2020-12-19,,7.0,125.0,143.0,,,,2021-06-12,1200.0,2,420.0,False,300.0,14000.0,0.0,5.4,184.37,True,False,False,False,False,False,False,True,True,True,False,False,False,5.0,True,True,,,,,2020-03-30,,False,61.66,2986530,48432.0,1184,7.1,19.7,42.5,32301,159.0,True,True,True,False,False,False,False,,2020-03-16,2020-05-21,,,False,7.25,7.25,7.25,7.25,7.25,7.25,7.25,7.25,2.13,7.25,False
Missouri,MO,29,2020-03-13,,,2020-03-23,,,2020-03-23,2020-04-06,,2020-05-04,2020-04-03,,2020-05-04,True,,,False,False,True,,,,,,,False,,,True,2020-04-14,,True,False,2020-03-23,2020-05-04,False,2020-04-03,2020-05-04,2020-04-03,2020-05-04,2020-03-23,2020-05-04,2020-05-04,2020-05-27,2020-05-04,,,,,,,,,,,,,,,,,,,,2021-03-03,1A,1A,1A,1A,1A,1A,1B,1B,1B,3,2,1B,1B,1B,1B,2,1B,1B,1B,1B,3,3,2021-01-18,2021-01-18,2021-01-18,2021-01-18,2021-04-09,2021-04-09,2021-04-09,2021-04-09,2021-04-09,2021-04-09,2021-03-15,2021-03-15,2021-04-09,2021-04-09,True,True,False,False,False,False,True,,,,,,,False,,,,,,,,,,,,,,,,,,,,,,,,,,,,,,,,,,2020-03-30,2020-05-15,,,,False,2020-03-25,,False,2020-03-26,2020-03-23,True,True,True,True,False,True,True,True,True,False,True,True,2020-03-12,,2020-06-25,2020-12-30,2021-06-01,True,False,False,False,,,,,,False,2020-03-18 00:00:00.000000000,True,True,True,True,False,False,False,320.0,920.0,20,20,20,2020-05-31,2020-10-10,,7.2,225.0,240.0,,,,2021-06-12,2250.0,2,750.0,False,15000.0,11500.0,0.0,5.4,238.5,True,False,False,False,False,False,False,False,False,False,True,True,True,,True,False,,,,,,,False,87.89,6126452,69707.0,6179,4.2,13.2,40.5,63117,193.7,True,False,False,True,False,False,False,2020-10-21,2020-03-17,2020-06-01,,,False,8.6,8.6,8.6,8.6,9.45,9.45,9.45,9.45,4.73,10.3,True
Montana,MT,30,2020-03-12,2021-06-30,,2020-03-16,,,2020-03-15,2020-03-28,,2020-04-26,2020-03-28,2020-11-20,2020-04-27,False,2020-07-15,,False,False,True,2020-07-15,2021-02-12,,,2021-02-12,,False,,,True,2020-04-27,2020-04-27,True,True,2020-03-20,2020-05-04,False,2020-03-20,2020-05-15,2020-03-20,2020-05-15,2020-03-20,2020-05-04,2020-04-27,2020-04-26,2020-04-27,2021-01-15,,,,,,,,,,,,,,,,,2020-03-30,2020-06-01,2021-03-02,1A,1A,1A,1A,1A,1A,1C,1C,1C,1C,1C,1B,1B,1B,1C,1C,1C,1C,1C,1C,2,2,2021-01-19,2021-01-19,2021-01-19,2021-03-08,2021-03-08,2021-04-01,2021-04-01,2021-04-01,2021-04-01,2021-04-01,2021-04-01,2021-04-01,2021-04-01,2021-04-01,True,True,False,False,False,False,False,2020-03-30,2020-05-25,,,,,False,2020-03-30,2020-05-25,,,,,,,2020-03-30,2020-05-25,,,2020-04-13,2020-05-25,,,2020-04-13,2020-05-25,,,,,2021-02-12,,2020-03-30,2020-05-25,,,2020-03-30,2020-05-25,,,,2020-04-01,2020-06-26,,,2020-04-10,True,2020-03-30,,False,2020-03-20,2020-03-19,False,False,False,True,True,True,False,False,True,True,True,False,2020-03-13,2020-03-13,2021-05-06,,,True,False,False,False,,,,,,False,2020-03-17 00:00:00.000000000,True,True,False,True,False,False,False,552.0,1152.0,28,28,28,2020-05-03,2020-11-14,,5.8,166.0,161.0,,,,2021-06-27,2982.0,2,994.0,False,15789.47,34100.0,0.0,6.12,345.61,True,False,False,False,False,False,False,True,True,True,False,False,True,,True,False,,,,,,,True,7.22,1062305,147040.0,1357,3.5,13.0,39.0,9992,295.3,True,True,False,False,False,True,False,,2020-03-20,2020-05-04,,,False,8.5,8.5,8.5,8.5,8.65,8.65,8.65,8.65,4.0,8.75,True
Nebraska,NE,31,2020-03-13,,,2020-04-03,,,,,,,2020-04-09,,2020-06-01,False,,,False,False,True,,,,,,,False,2020-06-18,,True,2020-03-19,2020-03-19,True,True,2020-04-03,2020-06-01,False,2020-04-03,2020-06-01,2020-04-09,2020-06-22,2020-04-03,2020-06-22,2020-06-01,2020-05-04,2020-06-22,,,,,,,,,,,,,,,,,,,,2021-02-22,1A,1A,1A,1A,1A,1A,1B,1B,1B,1C,1C,1B,1B,1B,1B,1B,1B,1B,1B,1B,2,2,2021-01-20,2021-01-20,2021-01-20,2021-01-20,2021-03-22,2021-03-22,2021-03-22,2021-04-05,2021-04-05,2021-04-05,2021-01-20,2021-01-20,2021-03-29,2021-04-05,False,False,False,False,True,False,False,2020-03-25,2020-05-31,,,,,False,,,,,2020-03-25,2020-05-31,,,,,,,2020-03-25,2020-05-31,,,2020-03-25,2020-05-31,,,,,,,,,,,2020-03-24,2020-08-15,,,,2020-04-07,2020-06-16,2021-03-10,,,False,2020-04-02,,False,2020-03-23,2020-03-17,False,False,False,True,True,True,True,False,True,True,True,True,2020-03-16,,2020-07-15,2020-08-07,2021-01-06,True,False,False,False,2020-04-03,2020-05-04,,,,False,2020-03-17 00:00:00.000000000,True,True,True,True,False,False,False,440.0,1040.0,26,26,26,2020-06-14,2020-09-12,,5.2,168.0,179.0,,,,2021-06-19,4324.0,2,800.0,False,31200.0,9000.0,0.0,5.4,290.86,True,False,False,False,False,False,False,False,False,False,False,False,True,,True,True,,,,,,,True,24.94,1929268,77348.0,2365,3.5,11.0,36.6,16904,254.7,True,True,False,False,False,True,True,2020-10-23,,,,,False,9.0,9.0,9.0,9.0,9.0,9.0,9.0,9.0,2.13,9.0,True
Nevada,NV,32,2020-03-12,,,2020-03-16,,,,2020-03-31,,2020-05-09,2020-03-21,,2020-05-09,False,2020-06-26,,True,True,False,2020-05-09,2021-05-13,,2021-07-30,,,True,,,False,,,True,True,2020-03-21,2020-05-09,False,2020-03-21,2020-05-29,2020-03-21,2020-05-29,2020-03-21,2020-05-29,2020-05-09,2020-05-29,2020-05-09,,2020-07-10,,,,,,,2020-09-21,,,,,,,,,,,2021-01-12,1A,1A,1A,1A,1A,1A,1B,1B,1B,2,1C,1B,1C,1C,1B,1B,1B,1B,1B,1B,1B,2,2021-01-14,2021-01-14,2021-01-14,2021-02-22,2021-04-05,2021-04-05,2021-04-05,2021-04-05,2021-04-05,2021-04-05,2021-01-18,2021-03-02,2021-04-05,2021-04-05,True,False,False,False,False,False,True,2020-03-30,2020-10-15,2020-12-15,2021-05-31,,,False,2020-03-30,2020-10-15,2020-12-15,2021-05-31,2020-03-30,2020-09-01,2020-12-15,2021-05-31,2020-03-30,2020-09-01,2020-12-15,2021-05-31,2020-12-15,2021-05-31,,,2020-09-01,2020-10-15,2020-12-15,2021-05-31,,,2020-12-15,,2020-03-29,2020-09-01,,,,,,,,2020-04-07,2020-07-10,,,2020-05-13,True,2020-04-07,2020-03-17,False,2020-03-17,2020-03-17,True,True,True,True,False,True,True,True,True,False,True,True,2020-03-07,2020-03-07,2021-05-01,,,False,False,False,True,,,,,,False,2020-03-18 00:00:00.000000000,False,True,True,False,False,False,False,469.0,1069.0,26,26,26,2020-05-03,,,,,,2020-06-07,2021-01-16,2021-03-28,,600.0,2,200.0,False,11250.0,32500.0,0.25,5.4,333.17,True,True,False,False,True,True,False,True,False,True,False,False,True,,True,False,,,,,,2020-04-08,True,27.44,3034392,110572.0,7169,5.6,12.9,36.1,24715,211.6,True,True,False,False,False,True,False,,2020-03-17,2020-06-04,,,False,8.25,8.25,8.25,8.25,8.25,9.0,9.0,9.0,8.0,9.0,True
New Hampshire,NH,33,2020-03-13,,,2020-03-16,,,2020-03-16,2020-03-28,,2020-06-16,2020-03-28,,2020-05-11,False,2020-11-20,,False,False,True,2020-05-01,2021-04-16,,,2021-04-16,,False,,,True,2020-03-18,2020-03-18,True,True,2020-03-16,2020-05-18,False,2020-03-28,2020-06-15,2020-03-28,2020-06-29,2020-03-16,2020-06-15,2020-05-11,2020-05-29,2020-05-11,,,,,,,,,,,,,,,,,2020-11-15,,2021-03-11,2021-04-06,1A,1A,1A,1A,1A,1A,1A,1A,1B,3B,3B,1B,1B,3A,2A,3B,3B,3B,3B,3B,3B,3B,2021-01-26,2021-01-26,2021-01-26,2021-01-26,2021-03-22,2021-03-22,2021-03-22,2021-03-29,2021-03-29,2021-03-31,2021-03-17,2021-04-02,2021-04-02,2021-04-02,True,False,False,False,True,False,True,2020-03-17,2020-07-01,,,,,False,2020-03-17,2020-07-01,,,,,,,2020-03-17,2020-07-01,,,,,,,,,,,2020-03-27,,2020-09-08,,,,,,2020-03-17,2020-07-15,,,,2020-04-01,2020-05-12,,,2020-04-13,False,2020-03-23,,False,2020-03-18,2020-03-17,False,False,False,True,True,True,False,False,True,False,True,False,2020-03-16,2020-03-16,2020-08-10,,,False,True,False,False,,,,,,False,2020-03-17 00:00:00.000000000,False,True,True,True,True,True,False,427.0,1027.0,26,26,26,2020-05-10,2020-12-05,,5.5,212.0,220.0,2020-07-05,2020-10-10,,2021-06-19,2800.0,2,1400.0,False,27272.73,14000.0,0.1,7.5,260.53,True,False,False,False,False,False,False,False,False,False,True,True,True,,False,False,,,,,2020-04-06,,True,145.09,1356458,9349.0,1396,3.6,7.6,40.5,12774,307.3,True,False,False,True,False,False,False,,,,,,False,7.25,7.25,7.25,7.25,7.25,7.25,7.25,7.25,3.26,7.25,False
New Jersey,NJ,34,2020-03-09,2021-06-04,,2020-03-18,2020-03-18,2020-06-15,2020-06-19,2020-03-21,,2020-06-09,2020-03-21,2020-11-10,2020-05-18,False,2020-04-08,,True,True,False,2020-04-08,2021-05-28,,,2021-05-28,,False,,,True,2020-03-21,2020-03-30,True,True,2020-03-16,2020-06-15,True,2020-03-16,2020-09-01,2020-03-16,2020-09-04,2020-03-16,2020-06-15,2020-06-22,2020-06-09,2020-06-15,2021-02-05,,,,,,,,,,,,,,,,,,,2020-12-28,1A,1A,1A,1A,1A,1A,1B,1B,2,1A,2,1B,1C,1C,2,2,2,2,2,2,2,2,2021-01-14,2021-01-14,2021-01-14,2021-01-14,2021-04-05,2021-04-05,2021-04-19,2021-04-19,2021-04-19,2021-04-19,2021-03-05,2021-03-29,2020-12-15,2021-04-19,True,False,False,False,False,True,False,2020-03-16,,,,,,True,,,,,2020-03-16,,,,2020-03-19,,,,,,,,,,,,2020-03-27,2020-07-25,,,,,,,2020-04-13,,,2020-04-13,,2020-03-25,2020-05-08,,,2020-04-13,True,2020-03-23,,False,2020-03-22,2020-03-20,True,True,False,True,True,True,True,False,False,False,False,False,2020-03-14,,2021-05-01,,,False,True,False,False,2020-03-27,2020-05-26,,,,True,,False,True,False,True,False,True,False,713.0,1313.0,26,26,26,2020-05-03,,,,,,2020-07-05,2021-04-17,,,4400.0,2,0.0,False,26000.0,35300.0,0.4,5.4,395.1,True,True,False,True,True,True,True,False,True,True,True,True,True,,True,False,,,,,,,True,1021.27,8908520,8723.0,8862,4.9,9.5,34.6,75765,220.7,True,False,False,False,False,True,False,,2020-03-16,2020-06-26,,,False,8.85,8.85,10.0,10.0,11.0,11.0,11.0,11.0,3.13,12.0,False
New Mexico,NM,35,2020-03-11,,,2020-03-16,,,2020-03-13,2020-03-24,,,2020-03-24,2020-10-16,2020-05-16,True,2020-05-15,,True,False,False,2020-05-06,2021-05-14,,,,,True,,,False,,,False,True,2020-03-20,2020-05-27,True,2020-03-19,2020-06-01,2020-03-19,2021-03-24,2020-03-19,2021-06-02,2020-06-01,2020-05-16,2020-05-16,2020-11-13,,,,2020-11-16,2020-11-16,2020-07-13,2020-08-29,,2020-12-02,2020-11-30,,,2020-11-16,,2021-03-24,2020-09-04,2020-07-01,2021-02-11,2021-01-28,1A,1A,1A,1A,1A,1A,1B,1B,1A,1B,1B,1B,1C,1B,1B,2,1B,1B,1B,1B,1C,2,2021-01-08,2021-01-08,2021-03-19,2021-03-19,2021-03-19,2021-04-05,2021-04-05,2021-04-05,2021-04-05,2021-04-05,2021-03-08,2021-01-08,2021-01-08,2021-04-05,False,False,True,False,False,False,False,2020-03-24,,,,,,True,,,,,,,,,2020-03-24,,,,,,,,2020-03-24,,,,,,,,,,,,2020-03-19,,,,,2020-03-27,2020-04-28,2021-01-28,,,True,2020-03-23,,False,2020-03-20,2020-03-20,False,False,False,True,True,True,True,False,True,True,True,True,2020-03-12,2020-03-16,2021-06-14,,,True,False,False,False,2020-03-27,2020-04-30,,2020-12-11,2021-02-05,False,2020-03-15 00:00:00.000000000,True,True,True,True,False,False,False,511.0,1111.0,26,26,26,2020-05-17,,,,,,2021-04-04,,,,2089.72,2,1.0,False,7289.72,25800.0,0.33,5.4,315.11,True,True,False,False,False,False,False,False,True,True,True,True,True,,True,False,,,,,,,True,17.23,2095428,121590.0,3241,6.1,19.5,39.4,19007,388.8,True,True,False,False,False,False,True,2020-10-20,2020-03-16,2021-03-24,,,True,7.5,7.5,7.5,7.5,9.0,9.0,9.0,9.0,2.35,10.5,False
New York,NY,36,2020-03-07,2021-06-25,,2020-03-18,,,2020-03-13,2020-03-22,,2020-06-27,2020-03-22,2020-11-13,2020-06-08,True,2020-04-17,,True,False,False,2020-04-17,2021-05-19,,,,,True,,,True,2020-03-16,2020-03-16,False,True,2020-03-17,2020-06-22,True,2020-03-16,2020-09-02,2020-03-16,2021-03-05,2020-03-16,2021-05-03,2020-06-22,2020-06-22,2020-06-08,2021-05-31,2021-05-31,,,,,,,,,,,,,,,2020-06-25,,2021-06-25,2021-03-03,1A,1A,1A,1A,1A,1A,1B,1B,1B,1B,1B,1B,1B,2,1B,1B,1B,2,1B,2,2,2,2021-01-11,2021-01-11,2021-01-11,2021-01-11,2021-03-10,2021-03-23,2021-03-23,2021-03-30,2021-03-30,2021-03-30,2021-01-11,2021-01-11,2021-03-30,2021-04-06,False,False,True,True,True,True,True,2020-03-16,,,,,,True,2020-03-22,2020-07-07,2020-12-28,,2020-03-16,2020-10-12,2020-12-28,2021-02-27,2020-03-16,,,,2020-06-20,,,,2020-06-20,,,,,,,,2020-03-20,2020-08-21,,,2020-06-17,,,2020-06-17,,2020-04-01,2020-05-06,,,,True,2020-03-26,2020-03-16,False,2020-03-15,2020-03-01,False,False,False,False,False,True,True,False,False,False,False,False,2020-03-14,,2020-08-05,2020-12-30,2021-04-28,True,False,False,False,2020-03-20,2020-06-08,,,,False,2020-03-12 00:00:00.000000000,False,False,False,False,False,False,False,504.0,1104.0,26,26,26,2020-05-03,,,,,,2020-07-05,,,,3900.0,2,1300.0,False,11250.0,11600.0,0.0,6.9,333.83,True,True,True,False,False,True,True,False,True,True,False,False,True,1.0,True,False,,,,2020-03-27,,,True,358.21,19542209,54555.0,92091,5.0,13.6,36.9,157183,291.1,True,True,False,False,False,False,True,2020-10-27,2020-03-16,2020-09-09,,,True,11.1,11.1,11.1,11.1,11.8,11.8,11.8,11.8,7.85,12.5,False
North Carolina,NC,37,2020-03-10,,,2020-03-16,,,2020-03-25,2020-03-30,,2020-05-22,2020-03-30,2020-12-11,2020-05-08,True,2020-06-26,,False,True,False,2020-06-26,2021-05-14,,,2021-05-14,,False,,,True,2020-03-17,2020-03-17,True,True,2020-03-18,2020-05-22,False,2020-03-25,2020-09-04,2020-03-25,2020-10-02,2020-03-17,2021-03-26,2020-05-22,2020-05-16,2020-05-08,2021-02-28,,,,,,,,,,,,,,,,,,,2021-04-16,1,1,1,1,1,1,3,3,3,4,4,2,2,4,3,3,3,3,3,3,4,5,2021-01-11,2021-01-11,2021-01-11,2021-01-11,2021-04-07,2021-04-07,2021-04-07,2021-04-07,2021-04-07,2021-04-07,2021-02-24,2021-03-03,2021-03-17,2021-04-07,True,False,False,False,False,False,False,2020-03-16,2020-06-21,2020-10-28,,,,True,2020-05-30,2020-06-20,,,2020-03-16,2020-06-21,,,2020-05-30,2020-07-30,,,,,,,2020-05-30,2020-06-21,2020-10-28,,2020-03-27,2021-01-13,2020-10-30,,2020-05-30,2020-06-21,,,2020-03-19,2020-09-01,,,,2020-03-27,2020-04-16,2021-02-01,2021-05-17,2020-04-13,False,2020-03-23,,False,,2020-03-23,False,False,False,True,True,True,True,False,True,True,True,True,2020-03-13,,2020-10-01,,,False,True,False,False,,,2020-05-01,,,False,2020-03-17 00:00:00.000000000,True,True,True,True,True,False,False,350.0,950.0,12,12,16,2020-05-17,2021-02-20,,6.2,172.0,159.0,2020-07-05,2020-10-10,,,5602.0,2,1.0,True,15600.0,25200.0,0.06,5.76,210.98,True,True,False,False,False,False,False,True,True,True,False,False,False,1.0,True,False,,,,,,,False,192.94,10383620,53819.0,9314,5.0,14.0,39.0,93885,243.6,True,True,False,False,False,False,False,2020-10-27,,,,,False,7.25,7.25,7.25,7.25,7.25,7.25,7.25,7.25,2.13,7.25,False
North Dakota,ND,38,2020-03-13,,,2020-03-16,,,2020-04-06,,,,2020-03-20,2020-11-16,2020-05-01,False,2020-11-14,,True,True,False,2020-04-28,2021-01-18,,,2021-01-18,,False,,,True,,,True,False,2020-03-21,2020-05-01,False,2020-03-20,2020-05-01,2020-03-20,2020-05-01,2020-03-20,2020-05-01,2020-05-01,,2020-05-01,2020-12-22,,,,,,,,,,,,,,,,2020-03-28,,2020-09-21,2021-03-08,1A,1A,1A,1A,1A,1A,1A,1A,1B,1B,1B,1B,1B,1C,1B,2,1C,1C,1C,1C,2,2,2021-01-12,2021-01-12,2021-01-12,2021-01-12,2021-03-29,2021-03-29,2021-03-29,2021-03-29,2021-03-29,2021-03-29,2021-02-18,2021-03-08,2021-02-23,2021-03-29,True,False,False,False,False,False,False,2020-03-26,2020-04-22,,,,,False,,,,,2020-03-26,2020-04-22,,,,,,,,,,,,,,,,,,,,,,,,,,,,2020-04-01,2020-05-01,2021-03-10,,,True,2020-03-24,,False,2020-03-20,2020-03-20,False,False,False,True,False,False,True,False,True,False,False,True,2020-03-12,2020-03-12,2020-06-27,2020-07-15,2021-03-29,False,True,False,False,,,,,,False,2020-04-01 00:00:00.000000000,False,True,True,True,False,False,False,618.0,1218.0,26,26,26,2020-05-31,2020-10-03,,6.3,263.0,242.0,,,,2021-06-19,2795.0,2,932.0,False,19500.0,37900.0,0.08,9.69,463.06,True,False,False,False,False,False,False,True,True,True,True,True,True,,False,False,,,,,,,True,10.75,760077,70698.0,557,2.8,10.7,34.6,6445,188.4,True,True,False,False,False,False,True,,,,,,False,7.25,7.25,7.25,7.25,7.25,7.25,7.25,7.25,4.86,7.25,False
Ohio,OH,39,2020-03-09,2021-06-18,,2020-03-17,2020-03-26,2020-05-31,2020-03-11,2020-03-24,,2020-05-20,2020-03-24,2020-11-19,2020-05-04,True,2020-07-23,,True,True,False,2020-04-29,2021-05-14,,,2021-06-02,,False,,,True,2020-04-07,2020-04-07,True,True,2020-03-16,2020-05-15,True,2020-03-17,2020-05-22,2020-03-17,2020-06-10,2020-03-15,2020-05-15,2020-05-15,,2020-05-12,2021-02-11,,,,,,,,,,,,,,,,,,,2021-04-09,1A,1A,1A,1A,1A,1A,1C,1C,1C,2,2,1B,1B,1C,1B,2,2,2,2,2,2,2,2021-01-19,2021-01-19,2021-01-19,2021-01-19,2021-03-04,2021-03-11,2021-03-11,2021-03-19,2021-03-19,2021-03-29,2021-02-01,2021-03-29,2021-03-29,2021-03-29,True,False,False,False,False,False,False,,,,,,,False,,,,,,,,,,,,,,,,,,,,,,,,,,,,,2020-03-31,2020-07-10,,,,2020-03-26,2020-05-11,2021-01-15,,2020-04-13,True,2020-04-22,,False,2020-03-19,2020-03-09,False,False,False,True,True,True,True,False,True,True,True,True,2020-03-10,,2021-04-19,,,False,True,False,False,2020-03-18,2020-05-01,,,,False,2020-03-16 00:00:00.000000000,True,True,True,True,True,False,False,647.0,1247.0,26,26,26,2020-05-10,2020-12-26,,6.7,163.0,152.0,2020-06-07,2020-12-12,,2021-06-26,5390.0,2,1.0,False,31200.0,9000.0,0.3,9.4,320.75,True,False,False,False,False,False,False,True,True,True,False,False,False,7.0,True,True,,,,,,,True,260.77,11689442,44826.0,10345,4.9,13.9,39.8,124264,245.1,True,False,False,False,False,False,False,2020-10-31,,,,,False,8.55,8.55,8.55,8.55,8.7,8.7,8.7,8.7,4.35,8.8,True
Oklahoma,OK,40,2020-03-15,2021-05-04,,2020-03-17,,,2020-03-24,,2020-04-01,2020-05-15,2020-04-01,2020-11-19,2020-04-24,False,,,False,False,True,,,,,,,False,,2021-06-01,True,2020-03-23,2020-03-24,True,True,2020-04-01,2020-05-01,False,2020-04-01,2020-05-01,2020-04-01,2020-05-01,2020-04-01,2020-05-15,2020-04-24,2020-05-01,2020-04-24,2021-01-14,,,,,,,,,,,,,,,,2020-03-29,,2020-05-12,2020-12-10,1,1,2,2,1,1,2,2,2,2,2,2,2,2,2,3,3,3,3,3,4,4,2021-01-04,2021-01-04,2021-01-04,2021-01-04,2021-03-29,2021-03-29,2021-03-29,2021-03-29,2021-03-29,2021-03-29,2021-02-22,2021-03-09,2021-03-09,2021-03-29,True,False,False,False,False,False,False,,,,,,,False,,,,,,,,,,,,,,,,,,,,,2020-03-27,,,,,,,,,,,,,2020-03-30,2020-06-25,,,2020-04-13,False,2020-03-24,,False,2020-03-25,2020-03-16,False,False,False,True,False,True,False,False,True,False,True,False,2020-03-13,,2020-07-30,2020-09-30,2021-04-01,False,True,False,False,2020-03-24,2020-04-30,,,,False,2020-03-21 00:00:00.000000000,True,True,True,False,False,False,False,539.0,1139.0,26,26,26,2020-05-31,2020-12-12,,5.7,173.0,178.0,,,,2021-06-26,1500.0,2,500.0,False,10350.0,18700.0,0.1,5.5,336.19,True,False,False,False,False,False,False,True,True,True,False,False,True,,False,True,,,,,,,False,56.41,3943079,69899.0,3944,4.4,15.6,40.8,40933,401.4,True,True,False,True,False,False,False,2020-10-27,,,,,False,7.25,7.25,7.25,7.25,7.25,7.25,7.25,7.25,2.13,7.25,True
Oregon,OR,41,2020-03-08,,,2020-03-16,2020-03-25,2020-05-16,2020-03-16,2020-03-23,,2020-06-19,2020-03-23,,2020-05-15,False,2020-07-01,,True,True,False,2020-05-09,2021-05-13,,,2021-06-30,,False,,,True,2020-03-19,2020-03-19,True,True,2020-03-18,2020-06-19,False,2020-03-24,2020-06-19,2020-03-24,2021-01-29,2020-03-17,2020-06-19,2020-06-19,2020-05-15,2020-05-15,,2020-11-18,2020-11-18,,,2020-11-18,2020-11-18,2021-05-07,2021-05-07,2021-01-29,,,,,,,,,,2021-04-06,1A,1A,1A,1A,1A,1A,1B,1B,1A,2,1B,1B,1B,1B,1B,1B,1B,1B,1B,1B,2,2,2021-02-07,2021-02-15,2021-02-22,2021-03-01,2021-04-19,2021-04-19,2021-04-19,2021-04-19,2021-04-19,2021-04-19,2021-01-25,2021-03-22,2021-02-03,2021-04-19,True,False,False,False,False,False,False,2020-03-19,,,,,,True,2020-04-01,,,,2020-03-19,2020-07-02,,,2020-03-22,2020-06-21,,,2020-12-23,,,,2020-03-22,,,,,,,,2020-06-24,,,,,,,,,2020-04-06,2020-04-29,,,2020-04-13,True,2020-03-25,,False,2020-03-13,2020-03-13,False,False,False,True,True,True,True,False,True,True,True,True,2020-03-13,2020-03-13,,,,True,False,False,False,2020-03-23,2020-05-01,,,,False,2020-11-20 00:00:00.000000000,True,True,False,True,False,True,False,648.0,1248.0,26,26,26,2020-05-10,2021-02-20,,6.4,188.0,156.0,2020-07-05,2020-12-12,,,1000.0,2,333.0,False,24000.0,42100.0,0.7,5.4,362.93,True,True,True,True,True,False,True,False,False,False,False,False,False,3.0,True,False,,,,,,,True,42.6,4190713,98379.0,15876,5.0,12.6,39.8,36187,522.3,True,True,False,False,True,False,False,,,,,,False,10.75,10.75,11.25,11.25,11.25,12.0,12.0,12.0,11.5,12.0,False
Pennsylvania,PA,42,2020-03-06,2021-06-10,,2020-03-16,2020-03-17,2020-06-05,2020-03-17,2020-04-01,,2020-06-05,2020-03-21,,2020-06-05,True,2020-07-01,,False,True,False,2020-04-19,2021-05-13,,,2021-06-28,,False,,,True,2020-03-18,,True,True,2020-03-18,2020-06-05,True,2020-03-21,2020-07-03,2020-03-21,2020-07-03,2020-03-18,2020-06-05,2020-07-03,,2020-06-05,,2020-07-16,2020-07-16,2020-12-12,,2020-12-12,2020-12-12,2021-01-04,2021-04-04,2021-01-04,,2021-01-04,,,,,,2020-11-20,2021-03-01,2021-03-31,1A,1A,1A,1A,1A,1A,1B,1B,1B,1B,1B,1A,1A,1A,1B,1B,1B,1B,1B,1B,1C,2,2021-01-19,2021-01-19,2021-01-19,2021-01-19,2021-04-05,2021-04-05,2021-04-13,2021-04-13,2021-04-13,2021-04-13,2021-03-03,2021-04-12,2021-04-05,2021-04-13,True,False,False,False,False,False,True,2020-03-19,2020-09-01,,,,,False,2020-05-11,2020-09-01,,,2020-03-19,2020-05-11,,,2020-03-19,2020-05-11,,,,,,,2020-04-01,2020-05-11,2020-05-21,2020-09-01,2020-03-27,2020-08-25,,,,,,,2020-03-13,2020-11-09,,,,2020-04-02,2020-05-06,2021-03-10,,2020-04-10,True,2020-03-27,,False,2020-03-15,2020-03-20,True,True,False,True,False,True,True,False,False,False,False,True,2020-03-13,,,,,False,True,False,False,2020-03-21,2020-04-27,,,,False,2020-03-27 00:00:00.000000000,False,True,False,True,False,False,False,572.0,1172.0,26,26,26,2020-05-03,,,,,,,,,,2718.0,2,1006.0,False,12068.35,10000.0,1.29,9.93,329.27,True,False,False,False,False,False,False,False,True,True,False,False,False,1.0,True,True,2020-03-25,2020-03-18,,2019-10-24,,,True,278.09,12807060,46054.0,13199,4.9,12.2,39.8,134702,206.2,True,False,False,False,False,False,False,2020-10-27,2020-03-17,2020-06-09,2020-12-12,2021-01-04,False,7.25,7.25,7.25,7.25,7.25,7.25,7.25,7.25,2.83,7.25,False
Rhode Island,RI,44,2020-03-09,,,,2020-03-16,2020-06-01,2020-03-13,2020-03-28,,2020-05-09,2020-03-30,2020-11-08,2020-05-09,False,2020-05-08,,True,False,False,2020-04-18,2021-05-18,,,2021-07-06,,False,,,True,2020-05-08,,True,True,2020-03-18,2020-05-18,True,2020-03-23,2020-06-01,2020-03-23,2020-06-30,2020-03-17,2020-06-01,2020-06-01,2020-05-30,2020-05-09,2021-01-29,2020-11-30,2020-11-30,2020-11-30,,2020-11-30,,,2021-02-12,2020-12-21,,2020-12-21,,,,,2020-03-26,2020-03-28,2021-07-06,2021-03-23,1A,1A,1A,1D,1A,1A,1C,1C,1C,2,2,1E,2,2,2,2,2,2,2,2,2,2,2021-01-28,2021-01-28,2021-02-22,2021-02-22,2021-04-05,2021-04-05,2021-04-05,2021-04-12,2021-04-12,2021-04-19,2021-03-03,2021-04-19,2021-04-19,2021-04-19,True,False,False,False,False,False,False,2020-03-17,2020-06-02,,,,,False,2020-04-08,2020-06-02,,,2020-03-17,2020-07-02,,,,,,,,,,,,,,,2020-06-02,2020-07-29,2020-09-04,,2020-05-22,,,,2020-03-17,2020-10-01,,,,2020-03-25,2020-04-10,2020-12-28,,2020-04-13,True,2020-03-25,2020-03-14,False,2020-03-18,2020-03-18,False,False,True,True,True,True,True,True,True,True,True,True,2020-03-11,2020-03-11,2020-08-12,,,False,False,True,False,,,,,,False,2020-03-12 00:00:00.000000000,True,True,False,True,True,True,False,732.0,1332.0,26,26,26,2020-04-26,,,,,,2020-06-07,2021-02-20,,,4200.0,2,1400.0,False,15584.42,24000.0,0.9,9.4,311.44,True,False,False,False,True,False,False,False,True,True,False,False,True,3.0,False,False,2020-04-13,,2020-04-13,,,,True,684.35,1057315,1545.0,1055,5.5,12.9,38.3,10083,409.5,True,True,False,False,False,False,True,2020-10-13,2020-03-22,2020-06-08,2020-11-30,2020-12-21,False,10.5,10.5,10.5,10.5,10.5,10.5,10.5,11.5,3.89,11.5,False
South Carolina,SC,45,2020-03-13,2021-06-07,,2020-03-16,,,2020-03-15,2020-04-07,,2020-05-04,2020-04-01,,2020-04-20,True,,,True,True,False,2020-08-03,2021-05-11,,,2021-05-11,,False,,2021-05-11,True,2020-03-21,,True,True,2020-03-19,2020-05-04,True,2020-04-01,2020-05-18,2020-04-01,2020-08-03,2020-03-18,2020-05-04,2020-05-18,,2020-04-20,,,,,,,,,,,,,,,,,2020-03-27,,2020-05-04,2021-03-02,1A,1A,1A,1A,1A,1A,1B,1B,1B,1B,1B,1A,1A,1B,1B,1B,1B,1B,1B,1B,1C,2,2021-01-13,2021-01-13,2021-02-08,2021-02-08,2021-03-08,2021-03-08,2021-03-31,2021-03-31,2021-03-31,2021-03-31,2021-03-04,2021-03-08,2021-03-08,2021-03-31,True,False,False,False,False,False,True,2020-03-17,2020-05-15,,,,,False,2020-03-18,2020-05-15,,,2020-03-18,2020-05-15,,,2020-03-17,2020-05-15,,,,,,,,,,,2020-05-15,,,,,,,,2020-03-18,2020-05-14,,2020-03-18,2020-05-14,2020-03-24,2020-06-17,2021-02-05,,2020-04-10,False,2020-03-30,,False,2020-03-19,2020-03-15,False,False,False,True,True,True,True,False,False,False,False,False,2020-03-12,,2021-07-07,,,False,True,False,False,,,,,,False,2020-03-19 00:00:00.000000000,False,True,True,False,False,False,False,326.0,926.0,20,20,20,2020-05-24,2020-12-12,,5.3,221.0,161.0,2020-07-05,2020-10-10,,,4455.0,2,1485.0,False,11700.0,14000.0,0.0,5.4,227.42,True,True,False,False,False,False,False,True,True,True,False,False,True,1.0,True,False,,,,,,,False,158.78,5084127,32020.0,4172,5.3,15.3,41.4,50640,174.1,True,True,False,True,False,False,False,2020-10-30,2020-04-01,2020-05-22,,,False,7.25,7.25,7.25,7.25,7.25,7.25,7.25,7.25,2.13,7.25,False
South Dakota,SD,46,2020-03-13,,,2020-03-16,,,,,,,,,,False,,,False,False,True,,,,,,,False,,,True,,,True,False,,,False,,,,,,,,,,,,,,,,,,,,,,,,,,,,,2021-03-30,1A,1A,1C,1C,1B,1C,1E,1C,1C,2,2,1D,1D,1D,1D,1D,1E,1E,1E,1E,2,2,2021-01-18,2021-01-18,2021-02-22,2021-02-22,2021-04-05,2021-04-05,2021-04-05,2021-04-05,2021-04-05,2021-04-05,2021-03-08,2021-03-22,2021-04-05,2021-04-05,True,False,False,False,False,False,False,,,,,,,False,,,,,,,,,,,,,,,,,,,,,,,,,,,,,,,,,,2020-04-09,2020-06-22,,,,True,2020-03-24,,False,2020-04-15,2020-03-23,False,False,False,True,True,True,True,False,True,True,True,True,2020-03-12,,2021-03-15,,,False,True,False,False,2020-04-06,2020-04-28,,,,False,2020-03-28 00:00:00.000000000,True,True,True,True,False,False,False,414.0,1014.0,26,26,26,,,,,,,,,,2021-06-26,1288.0,2,560.0,False,13800.0,15000.0,0.0,9.3,292.32,True,False,False,False,False,False,False,True,True,True,False,False,True,7.0,False,False,,,,,,,False,11.44,882235,77116.0,995,3.0,13.1,35.3,7971,179.0,True,True,False,False,False,False,True,,,,,,True,9.1,9.1,9.1,9.1,9.3,9.3,9.3,9.3,4.65,9.45,False
Tennessee,TN,47,2020-03-12,,,2020-03-20,,,2020-03-23,2020-04-02,,2020-04-29,2020-04-01,,2020-04-27,True,,,False,False,True,,,,,,,False,,,True,2020-03-23,2020-03-23,True,True,2020-03-24,2020-04-27,False,2020-03-23,2020-05-01,2020-03-23,2020-05-22,2020-03-23,2020-05-22,2020-05-06,,2020-04-27,,,,,,,,,,,,,,,,,,,,2021-03-08,1A,1A,1A,1A,1A,1A,1A,1A,2A,3,3,1A,1B,1C,1B,3,2A,2A,3,2B,4,4,2021-01-01,2021-01-01,2021-02-02,2021-02-22,2021-03-18,2021-03-18,2021-04-05,2021-04-05,2021-04-05,2021-04-05,2021-02-22,2021-04-05,2021-04-05,2021-04-05,True,False,False,False,False,False,True,2020-03-13,2020-06-01,,,,,False,,,,,2020-03-13,2020-06-01,,,,,,,,,,,2020-03-13,2020-06-01,,,2020-05-26,,,,,,,,2020-03-27,2020-08-29,,2020-03-27,2020-08-29,2020-03-24,2020-05-19,2021-01-26,,,True,2020-03-30,,False,2020-03-19,2020-03-13,False,False,False,True,False,True,True,False,True,False,True,False,2020-03-12,2020-03-12,2021-04-10,,,False,False,True,False,2020-03-24,2020-05-01,,,,False,2020-03-19 00:00:00.000000000,True,True,True,True,False,True,False,275.0,875.0,26,26,26,2020-05-31,2020-11-07,,8.2,241.0,234.0,,,,2021-07-03,1680.0,2,900.0,False,300.0,7000.0,0.01,10.0,206.12,True,True,False,False,False,False,False,True,True,True,True,True,True,,True,True,,,,,,,False,160.64,6770010,42144.0,7467,5.5,15.3,41.6,71078,153.0,False,False,True,False,False,False,False,2020-10-27,,,,,False,7.25,7.25,7.25,7.25,7.25,7.25,7.25,7.25,2.13,7.25,False
Texas,TX,48,2020-03-13,,,2020-03-21,,,2020-03-21,,2020-04-02,2020-05-01,2020-04-02,,2020-05-01,True,2020-07-03,,True,False,False,2020-07-03,2021-03-10,,,2021-03-10,,False,2020-04-27,2021-05-18,True,2020-03-19,2020-03-19,True,False,2020-03-21,2020-05-01,False,2020-03-21,2020-05-18,2020-04-02,2020-05-01,2020-03-21,2020-05-29,2020-05-08,,2020-05-01,,2020-06-26,2020-06-26,,,,,,2020-10-14,,,,,,,,2020-03-26,,2020-05-21,2020-12-17,1A,1A,1A,1A,1A,1A,2,2,2,2,2,1B,1B,1B,2,2,2,2,2,2,2,2,2020-12-28,2020-12-28,2020-12-28,2020-12-28,2021-03-15,2021-03-15,2021-03-15,2021-03-29,2021-03-29,2021-03-29,2021-03-03,2021-03-29,2021-03-29,2021-03-29,True,False,False,False,False,False,False,2020-03-19,2020-05-28,,,,,False,,,,,2020-03-19,2020-05-19,,,2020-03-19,2020-05-28,,,,,,,,,,,2020-03-27,2020-07-26,2020-09-17,2021-03-31,,,,,,,,,,2020-04-06,2020-05-08,2021-03-22,,2020-04-10,False,2020-03-30,,False,2020-03-17,2020-03-17,False,False,False,True,False,True,True,False,False,False,False,False,2020-03-13,2020-03-13,2021-04-23,,,False,True,False,False,2020-03-22,2020-05-08,,,,False,2020-03-17 00:00:00.000000000,True,True,True,True,True,True,False,521.0,1121.0,26,26,26,2020-05-31,2020-12-26,,7.8,223.0,211.0,2020-07-05,2020-10-10,,2021-06-26,2553.0,2,1.0,False,11100.0,9000.0,0.0,6.0,360.39,True,False,False,False,False,False,False,False,False,False,False,False,False,1.0,True,True,,,,,,,False,106.86,28701845,268596.0,25848,4.9,14.9,34.8,202211,111.8,True,True,True,False,False,False,False,2020-10-23,,,,,False,7.25,7.25,7.25,7.25,7.25,7.25,7.25,7.25,2.13,7.25,False
Utah,UT,49,2020-03-06,,,2020-03-16,,,,,,,2020-03-27,,2020-05-01,False,2020-04-10,2020-11-09,False,False,True,2020-04-10,2021-04-10,,,2020-05-01,2021-04-10,False,,2021-05-28,True,,,True,False,2020-03-20,2020-05-01,False,2020-03-27,2020-05-01,2020-03-27,2020-05-01,2020-03-19,2020-05-01,2020-05-01,2020-05-06,2020-05-01,,,,,,,,,,,,,,,,,,2020-04-10,2020-05-01,2021-01-25,1A,1A,1A,1A,1A,1A,1B,1B,1B,2,2,1B,2,2,1B,2,2,2,2,2,2,2,2021-01-18,2021-01-18,2021-02-18,2021-02-18,2021-03-08,2021-03-08,2021-03-08,2021-03-24,2021-03-24,2021-03-24,2021-01-11,2021-03-24,2021-03-24,2021-03-24,True,False,False,False,False,True,False,2020-04-01,2020-05-16,,,,,False,,,,,,,,,2020-04-01,2020-05-16,,,2020-04-01,2020-05-16,,,,,,,2020-10-02,,2020-10-02,,,,,,,,,,,2020-04-15,2020-07-09,,,,True,2020-04-10,,False,2020-03-25,2020-03-20,True,True,True,True,True,True,True,True,True,True,True,True,2020-03-12,,2021-06-18,,,False,True,False,False,2020-03-25,2020-04-22,,,,False,2020-04-26 00:00:00.000000000,True,True,True,True,False,False,False,580.0,1180.0,26,26,26,2020-06-28,2020-09-26,,4.6,177.0,148.0,,,,2021-06-26,3900.0,2,1300.0,False,11895.0,36600.0,0.0,7.0,364.35,True,True,False,False,False,False,False,True,True,True,True,True,True,,True,False,,,,,,,True,37.23,3161105,84897.0,2798,3.2,9.0,30.0,18354,335.5,False,True,False,False,True,False,False,,,,,,False,7.25,7.25,7.25,7.25,7.25,7.25,7.25,7.25,2.13,7.25,False
Vermont,VT,50,2020-03-13,2021-06-16,,2020-03-18,2020-03-18,2020-06-01,2020-03-13,2020-03-24,,2020-05-15,2020-03-25,2020-11-14,2020-04-27,False,2020-08-01,,False,False,True,2020-04-17,2021-05-14,,,2021-06-14,,False,,,True,2020-03-20,2020-03-20,True,True,2020-03-18,2020-05-22,True,2020-03-23,2020-06-01,2020-03-25,2020-06-01,2020-03-17,2020-05-22,2020-05-29,2020-05-23,2020-04-27,2021-04-15,2020-11-15,2020-11-15,,,,,,2021-03-24,,,,,,,,2020-06-08,2020-03-30,2021-05-14,2021-03-02,1A,1A,1A,1A,1A,1A,1A,1A,1C,2,2,1B,1B,1C,1C,2,2,2,2,2,2,2,2021-01-25,2021-01-25,2021-02-16,2021-03-01,2021-03-25,2021-03-29,2021-03-29,2021-04-05,2021-04-05,2021-04-12,2021-03-08,2021-04-19,2021-04-19,2021-04-19,True,True,False,False,False,False,False,2020-03-17,,,,,,True,2020-05-14,,,,2020-03-17,,,,2020-05-14,,,,,,,,,,,,2020-03-27,,,,,,,,2020-03-18,2020-10-15,2020-12-22,,,2020-03-27,2020-05-04,2021-01-15,,,True,2020-03-30,2020-03-20,False,2020-03-20,2020-03-30,False,False,False,True,False,True,True,False,True,False,True,True,2020-03-13,,,,,True,False,False,False,2020-03-20,2020-05-04,,,,False,2020-04-15 00:00:00.000000000,False,True,True,True,False,True,False,513.0,1113.0,26,26,26,2020-05-03,2020-12-19,,3.5,146.0,146.0,2020-07-05,2020-10-10,,,4019.0,2,1148.0,False,13500.0,16100.0,0.8,6.5,336.46,True,True,False,False,True,False,False,False,True,True,True,True,True,1.0,True,False,,,,,,,True,65.13,626299,9616.0,1089,3.8,11.0,39.1,6027,452.3,False,False,False,False,False,True,True,,,,,,False,10.78,10.78,10.78,10.78,10.96,10.96,10.96,10.96,5.46,11.75,True
Virginia,VA,51,2020-03-12,2021-07-01,,2020-03-16,,,,2020-03-30,,2020-05-29,2020-03-25,2020-11-15,2020-05-29,False,2020-05-29,,True,True,False,2020-05-29,2021-05-15,,,2021-05-15,,False,,,True,2020-03-16,2020-03-19,True,True,2020-03-26,2020-05-29,True,2020-03-25,2020-06-12,2020-03-25,2020-07-01,2020-03-25,2020-05-29,2020-05-29,2020-05-29,2020-05-29,2021-05-15,,,,,,,,,,,,,,,,,,,2021-03-03,1A,1A,1A,1A,1A,1A,1B,1B,1B,1B,1B,1B,1B,1B,1B,1C,1B,1B,1B,1B,1C,2,2021-01-11,2021-01-11,2021-01-11,2021-01-11,2021-04-18,2021-04-18,2021-04-18,2021-04-18,2021-04-18,2021-04-18,2021-01-11,2021-01-11,2021-01-11,2021-04-18,False,False,False,False,False,False,True,2020-03-16,2020-05-18,2020-06-08,2020-06-29,2020-08-10,2020-09-08,False,,,,,2020-03-16,2020-05-18,2020-06-08,2020-06-29,,,,,,,,,2020-08-10,2020-09-08,,,,,,,2020-04-22,,,,2020-03-16,2020-10-06,2020-11-18,,,2020-03-24,2020-04-25,2021-03-02,,2020-04-13,True,2020-03-23,,False,2020-03-19,2020-03-19,False,False,False,True,True,True,True,False,True,True,True,True,2020-03-13,2020-03-13,,,,True,False,False,False,2020-03-25,2020-05-01,,,,False,2020-03-17 00:00:00.000000000,True,True,False,True,False,False,False,378.0,978.0,26,26,26,2020-05-31,2020-11-21,,5.9,219.0,203.0,,,,,3000.0,1,0.0,False,15000.0,8000.0,0.1,6.2,268.11,True,True,False,False,False,True,True,False,True,True,True,True,True,,True,False,,,,,,,True,199.13,8517685,42775.0,5783,4.2,10.7,35.9,69359,171.9,False,True,False,False,False,False,False,2020-10-23,,,,,False,7.25,7.25,7.25,7.25,7.25,7.25,7.25,7.25,2.13,7.25,True
Washington,WA,53,2020-02-29,,,2020-03-17,,,2020-03-16,2020-03-23,,2020-06-01,2020-03-25,,2020-06-01,False,2020-06-26,,True,True,False,2020-06-08,2021-05-13,,,,,True,,,True,2020-03-24,2020-03-24,False,True,2020-03-16,2020-07-03,False,2020-03-16,2020-08-27,2020-03-16,2021-02-14,2020-03-17,2020-07-03,2020-07-03,2020-06-01,2020-07-03,,2020-11-18,2020-11-18,,,2020-11-16,2020-11-18,2021-02-14,2021-03-11,2021-02-14,,,,,,,,,,2021-03-31,1A,1A,1A,1A,1A,1A,1B,1B,1B,1B,1B,1B,1B,2,1B,2,1B,1B,1B,1B,2,2,2021-01-18,2021-01-18,2021-01-18,2021-01-18,2021-04-15,2021-04-15,2021-04-15,2021-04-15,2021-04-15,2021-04-15,2021-03-02,2021-03-17,2021-03-31,2021-04-15,True,False,False,False,True,True,False,2020-03-18,,,,,,True,2020-03-18,,,,,,,,2020-03-18,,,,,,,,2020-03-18,2020-04-15,,,,,,,2020-02-29,,,,2020-03-23,,,2020-03-23,,2020-03-27,2020-05-22,2021-02-23,,,True,2020-03-19,2020-03-10,False,2020-03-25,2020-03-25,True,False,False,True,True,True,True,False,True,True,True,True,2020-03-13,,2021-05-09,,,False,True,False,False,2020-03-19,2020-05-18,,,,False,2020-03-18 00:00:00.000000000,True,True,True,True,False,False,False,790.0,1390.0,26,26,26,2020-05-03,2021-03-13,,6.2,155.0,138.0,2020-06-07,2020-12-12,,,,2,1.0,False,15584.42,52700.0,0.0,5.4,402.28,True,True,False,True,True,True,False,False,False,False,True,True,False,1.0,True,False,,,,,,,True,105.69,7535591,71298.0,21577,4.3,10.3,35.1,56877,373.3,True,True,False,False,True,False,False,,,,,,False,12.0,12.0,12.0,12.0,13.5,13.5,13.5,13.5,13.5,13.69,False
West Virginia,WV,54,2020-03-16,,,2020-03-16,2020-03-26,2020-04-30,2020-08-13,2020-03-24,,2020-05-05,2020-03-24,,2020-05-04,True,2020-07-07,,True,True,False,2020-05-11,2021-05-14,,,2021-06-20,,False,,,True,2020-03-18,2020-03-18,True,False,2020-03-19,2020-05-04,True,2020-03-19,2020-05-18,2020-03-24,2020-06-05,2020-03-18,2020-05-26,2020-05-04,,2020-05-21,,2020-07-14,,,,,,,2020-08-31,,,,,,,,2020-03-31,,2020-05-21,2021-02-17,1A,1A,1C,1C,1A,1B,1B,1B,1B,2,2,1B,1B,2,1D,1D,1D,1D,1D,1D,2,2,2020-12-30,2020-12-30,2020-12-30,2020-12-30,2021-03-03,2021-03-03,2021-03-03,2021-03-22,2021-03-22,2021-03-22,2021-03-22,2021-03-16,2021-03-22,2021-03-22,True,False,False,False,False,False,False,2020-03-23,2020-05-18,,,,,False,,,,,2020-03-23,2020-05-18,,,,,,,,,,,,,,,,,,,,,,,,,,,,2020-03-27,2020-04-30,2021-02-04,,,True,2020-03-30,,False,2020-03-16,2020-03-17,False,False,False,True,False,False,True,False,False,False,False,False,2020-03-11,,,,,False,False,True,False,2020-04-01,2020-04-27,,,,False,2020-03-19 00:00:00.000000000,False,True,False,True,False,False,False,424.0,1024.0,26,26,26,2020-05-03,2020-12-12,,8.0,160.0,157.0,,,,2021-06-19,2200.0,2,1.0,False,28363.64,12000.0,1.5,7.5,233.05,True,False,False,False,False,False,False,True,True,True,False,False,True,,True,True,,,,2020-03-31,2020-03-31,,True,74.53,1805832,24230.0,1397,5.8,17.8,49.3,23478,127.8,True,False,False,False,False,False,True,2020-10-28,2020-03-18,2020-06-05,,,False,8.75,8.75,8.75,8.75,8.75,8.75,8.75,8.75,2.62,8.75,True
Wisconsin,WI,55,2020-03-12,,,2020-03-18,,,,2020-03-25,,2020-05-13,2020-03-25,,2020-05-11,False,2020-08-01,,True,False,False,2020-08-01,2021-03-31,,,2021-03-31,,False,,,True,2020-03-20,,True,False,2020-03-18,2020-05-13,False,2020-03-25,2020-05-13,2020-03-25,2020-05-13,2020-03-17,2020-05-13,2020-05-13,2020-05-13,2020-05-11,,,,,,,,,,,,,,,,,,,,2021-03-01,1A,1A,1A,1A,1A,1A,1B,1B,1B,1B,1B,1B,1B,1C,1B,1B,1B,1B,1B,2,2,2,2021-01-25,2021-01-25,2021-01-25,2021-01-25,2021-04-05,2021-04-05,2021-04-05,2021-04-05,2021-04-05,2021-04-05,2021-03-01,2021-03-01,2021-03-01,2021-04-05,True,False,False,False,False,False,False,2020-03-27,2020-05-26,,,,,False,2020-03-27,2020-05-26,,,,,,,2020-03-27,2020-05-26,,,,,,,,,,,,,,,,,,,2020-03-22,2020-11-01,,,,2020-04-01,2020-04-22,2021-02-08,,,True,2020-04-20,,False,2020-03-17,2020-03-12,True,False,False,True,True,True,True,False,True,True,True,True,2020-03-13,,2021-07-06,,,False,True,False,False,,,,,,False,2020-04-21 00:00:00.000000000,True,True,False,True,False,False,False,370.0,970.0,26,26,26,2020-05-17,2020-11-07,,6.3,185.0,210.0,,,,,1890.0,2,540.0,False,10500.0,14000.0,0.0,10.7,285.41,True,False,False,False,False,False,False,True,True,True,True,True,False,3.0,True,False,,,,,,,False,88.76,5813568,65496.0,4538,3.2,11.0,36.5,53684,200.2,True,True,False,True,False,False,True,2020-10-29,,,,,False,7.25,7.25,7.25,7.25,7.25,7.25,7.25,7.25,2.33,7.25,False
Wyoming,WY,56,2020-03-13,,,2020-03-19,2020-03-19,2020-05-01,,,,,2020-03-19,2020-12-09,2020-05-01,False,2020-12-09,,True,True,False,2020-05-01,2021-03-16,,,2021-03-16,,False,,,True,2020-03-30,,True,True,2020-03-19,2020-05-15,False,2020-03-19,2020-05-01,2020-03-19,2020-05-15,2020-03-19,2020-05-15,2020-05-01,2020-05-15,2020-05-15,2021-01-08,,,,,,,,,,,,,,,,,2020-04-03,2020-05-08,2021-03-02,1A,1A,1A,1A,1A,1A,1A,1A,1A,1C,1C,1B,1B,1B,1B,1C,1B,1B,1B,1B,1C,2,2021-01-25,2021-01-25,2021-01-25,2021-02-01,2021-03-31,2021-03-31,2021-03-31,2021-03-31,2021-03-31,2021-03-31,2021-02-24,2021-02-24,2021-03-31,2021-03-31,True,False,False,False,False,False,False,,,,,,,False,,,,,,,,,,,,,,,,,,,,,,,,,,,,,,,,,,2020-04-01,2020-05-16,,,,False,2020-03-27,,False,,,False,False,False,True,False,True,False,False,True,False,True,False,2020-03-18,2020-03-18,,,,True,False,False,False,,,,,,True,,False,True,True,True,False,False,False,508.0,1108.0,26,26,26,2020-06-21,2020-09-19,,7.1,192.0,182.0,,,,2021-06-19,3880.0,2,1109.0,False,10500.0,26400.0,0.0,8.5,422.19,True,True,False,False,False,False,False,True,True,True,True,True,True,,True,False,,,,,,,False,5.91,577737,97813.0,548,3.9,11.1,36.4,5070,343.2,True,True,False,False,False,False,True,,,,,,False,7.25,7.25,7.25,7.25,7.25,7.25,7.25,7.25,2.13,7.25,False
